year,doy,dni,ghi,temperature,humidity,wind_speed,precipitation,latitude,longitude,month,season,csp_operational,date
2015,1,6.3756,2.5738,-6.6,42.12,3.41,0.0,40.0,117.0,1,winter,1,2015-01-01
2015,2,7.6447,2.7768,-4.46,45.79,3.13,0.0,40.0,117.0,1,winter,1,2015-01-01
2015,3,4.8761,2.3856,-4.61,67.57,2.01,0.0,40.0,117.0,1,winter,1,2015-01-01
2015,4,4.8737,2.4686,-1.19,59.12,3.37,0.0,40.0,117.0,1,winter,1,2015-01-01
2015,5,1.1088,1.8466,1.6,42.45,4.27,0.0,40.0,117.0,1,winter,0,2015-01-01
2015,6,7.8197,2.8649,-2.55,37.78,2.78,0.0,40.0,117.0,1,winter,1,2015-01-01
2015,7,4.0711,2.3894,-3.9,45.62,2.9,0.0,40.0,117.0,1,winter,0,2015-01-01
2015,8,5.8236,2.6431,-3.9,68.37,2.02,0.0,40.0,117.0,1,winter,1,2015-01-01
2015,9,7.5134,2.8462,-1.77,44.2,3.23,0.0,40.0,117.0,1,winter,1,2015-01-01
2015,10,6.8911,2.8039,0.12,43.03,3.81,0.0,40.0,117.0,1,winter,1,2015-01-01
2015,11,7.4678,2.8615,-1.57,49.38,2.53,0.0,40.0,117.0,1,winter,1,2015-01-01
2015,12,4.4237,2.4334,-2.99,67.5,2.46,0.0,40.0,117.0,1,winter,0,2015-01-01
2015,13,2.2682,1.992,-2.25,75.01,1.58,0.0,40.0,117.0,1,winter,0,2015-01-01
2015,14,0.1092,0.9612,-1.81,65.95,1.6,0.07,40.0,117.0,1,winter,0,2015-01-01
2015,15,0.5935,1.5499,-3.05,81.78,1.93,0.0,40.0,117.0,1,winter,0,2015-01-01
2015,16,6.7382,2.9124,-3.36,52.74,5.07,0.0,40.0,117.0,1,winter,1,2015-01-01
2015,17,4.3234,2.6906,-5.24,50.99,2.9,0.0,40.0,117.0,1,winter,0,2015-01-01
2015,18,1.9106,2.0016,-1.5,51.02,4.39,0.06,40.0,117.0,1,winter,0,2015-01-01
2015,19,7.4556,3.0878,-1.88,45.16,2.61,0.0,40.0,117.0,1,winter,1,2015-01-01
2015,20,2.8409,2.2464,-1.75,70.51,2.89,0.0,40.0,117.0,1,winter,0,2015-01-01
2015,21,7.4988,3.1294,-1.22,47.71,3.72,0.0,40.0,117.0,1,winter,1,2015-01-01
2015,22,7.6111,3.192,-2.2,47.68,2.75,0.0,40.0,117.0,1,winter,1,2015-01-01
2015,23,6.7226,3.0398,-1.64,57.13,1.59,0.0,40.0,117.0,1,winter,1,2015-01-01
2015,24,0.3401,1.7554,-2.01,55.36,2.95,0.49,40.0,117.0,1,winter,0,2015-01-01
2015,25,0.8902,1.4494,-1.98,75.54,1.92,0.01,40.0,117.0,1,winter,0,2015-01-01
2015,26,1.6495,1.9282,-3.08,56.84,3.99,0.0,40.0,117.0,1,winter,0,2015-01-01
2015,27,8.2608,3.4368,-6.54,38.84,2.54,0.0,40.0,117.0,1,winter,1,2015-01-01
2015,28,4.1825,2.8572,-5.2,43.37,3.17,0.0,40.0,117.0,1,winter,0,2015-01-01
2015,29,6.9538,3.3101,-2.75,48.93,3.76,0.0,40.0,117.0,1,winter,1,2015-01-01
2015,30,8.5327,3.6005,-5.12,39.62,3.63,0.0,40.0,117.0,1,winter,1,2015-01-01
2015,31,8.5248,3.6456,-5.04,39.76,2.76,0.0,40.0,117.0,1,winter,1,2015-01-01
2015,32,3.3614,2.9702,-3.5,42.39,2.05,0.0,40.0,117.0,2,winter,0,2015-02-01
2015,33,2.627,2.6134,-1.6,47.71,1.91,0.0,40.0,117.0,2,winter,0,2015-02-01
2015,34,3.9233,2.8642,0.42,49.52,2.83,0.0,40.0,117.0,2,winter,0,2015-02-01
2015,35,6.0696,3.3036,-0.75,37.85,5.31,0.0,40.0,117.0,2,winter,1,2015-02-01
2015,36,8.3153,3.7721,-0.56,44.47,3.19,0.0,40.0,117.0,2,winter,1,2015-02-01
2015,37,4.7066,3.0914,0.7,47.05,3.11,0.0,40.0,117.0,2,winter,0,2015-02-01
2015,38,3.1855,2.5322,-1.55,32.13,5.41,0.0,40.0,117.0,2,winter,0,2015-02-01
2015,39,7.6277,3.8558,-5.42,31.05,3.22,0.0,40.0,117.0,2,winter,1,2015-02-01
2015,40,8.1065,3.9358,-2.71,45.25,2.9,0.0,40.0,117.0,2,winter,1,2015-02-01
2015,41,2.6302,3.0833,2.53,39.92,2.31,0.0,40.0,117.0,2,winter,0,2015-02-01
2015,42,7.9606,3.918,1.2,42.3,3.43,0.0,40.0,117.0,2,winter,1,2015-02-01
2015,43,8.1754,3.9002,-0.7,45.1,2.92,0.0,40.0,117.0,2,winter,1,2015-02-01
2015,44,6.8297,3.9106,-0.6,59.86,2.37,0.0,40.0,117.0,2,winter,1,2015-02-01
2015,45,4.9642,3.5741,1.17,57.05,2.52,0.0,40.0,117.0,2,winter,1,2015-02-01
2015,46,1.0236,2.3386,2.22,57.44,3.08,1.23,40.0,117.0,2,winter,0,2015-02-01
2015,47,5.0971,3.3305,2.42,56.3,4.14,0.16,40.0,117.0,2,winter,1,2015-02-01
2015,48,7.9368,4.2336,2.91,41.24,3.4,0.0,40.0,117.0,2,winter,1,2015-02-01
2015,49,9.4342,4.4873,1.15,43.28,2.93,0.0,40.0,117.0,2,winter,1,2015-02-01
2015,50,1.038,2.544,-1.05,63.03,2.52,0.06,40.0,117.0,2,winter,0,2015-02-01
2015,51,0.0612,0.9895,0.0,81.98,2.9,6.61,40.0,117.0,2,winter,0,2015-02-01
2015,52,1.7573,1.8283,-0.63,61.89,5.3,0.77,40.0,117.0,2,winter,0,2015-02-01
2015,53,7.2902,4.0555,-2.6,34.74,5.87,0.0,40.0,117.0,2,winter,1,2015-02-01
2015,54,9.1982,4.6555,-1.43,40.22,3.34,0.0,40.0,117.0,2,winter,1,2015-02-01
2015,55,2.539,3.3715,0.05,59.86,1.95,0.0,40.0,117.0,2,winter,0,2015-02-01
2015,56,5.7792,4.2442,0.67,37.7,4.99,0.0,40.0,117.0,2,winter,1,2015-02-01
2015,57,9.6194,4.9205,-1.48,35.15,4.3,0.0,40.0,117.0,2,winter,1,2015-02-01
2015,58,0.3684,2.0837,-1.97,40.55,3.0,0.15,40.0,117.0,2,winter,0,2015-02-01
2015,59,1.2305,1.9754,-0.94,65.39,4.1,1.24,40.0,117.0,2,winter,0,2015-02-01
2015,60,9.0758,5.0071,1.4,39.4,4.42,0.0,40.0,117.0,2,winter,1,2015-02-01
2015,61,5.147,4.2278,4.66,35.22,3.57,0.0,40.0,117.0,3,spring,1,2015-03-01
2015,62,8.8978,5.0042,-0.81,27.67,6.65,0.0,40.0,117.0,3,spring,1,2015-03-01
2015,63,9.8587,5.2819,-1.65,31.52,3.37,0.0,40.0,117.0,3,spring,1,2015-03-01
2015,64,7.717,4.9212,-0.4,42.05,3.89,0.0,40.0,117.0,3,spring,1,2015-03-01
2015,65,5.3614,4.4215,1.08,57.92,2.99,0.0,40.0,117.0,3,spring,1,2015-03-01
2015,66,5.55,4.5082,3.78,62.51,2.96,0.0,40.0,117.0,3,spring,1,2015-03-01
2015,67,2.6102,3.6446,3.51,50.29,4.38,0.0,40.0,117.0,3,spring,0,2015-03-01
2015,68,10.6733,5.7778,-2.34,22.86,5.26,0.0,40.0,117.0,3,spring,1,2015-03-01
2015,69,10.2367,5.6606,0.07,31.27,3.82,0.0,40.0,117.0,3,spring,1,2015-03-01
2015,70,9.9893,5.6911,1.69,31.73,4.11,0.0,40.0,117.0,3,spring,1,2015-03-01
2015,71,7.1815,5.1439,2.47,41.06,2.72,0.0,40.0,117.0,3,spring,1,2015-03-01
2015,72,9.0526,5.5277,3.92,37.61,3.1,0.0,40.0,117.0,3,spring,1,2015-03-01
2015,73,2.5294,3.7495,1.2,62.04,2.98,0.0,40.0,117.0,3,spring,0,2015-03-01
2015,74,8.7197,5.6575,6.23,32.43,3.91,0.0,40.0,117.0,3,spring,1,2015-03-01
2015,75,0.8136,2.898,6.44,64.97,3.14,0.0,40.0,117.0,3,spring,0,2015-03-01
2015,76,7.9666,5.6249,7.96,48.87,3.45,0.0,40.0,117.0,3,spring,1,2015-03-01
2015,77,1.7743,3.949,6.56,40.3,2.47,0.0,40.0,117.0,3,spring,0,2015-03-01
2015,78,1.6349,3.9194,9.39,32.76,3.15,0.0,40.0,117.0,3,spring,0,2015-03-01
2015,79,6.131,5.359,10.25,29.72,3.69,0.0,40.0,117.0,3,spring,1,2015-03-01
2015,80,10.992,6.3336,9.92,23.13,5.53,0.0,40.0,117.0,3,spring,1,2015-03-01
2015,81,8.5447,5.9602,5.64,32.32,3.14,0.0,40.0,117.0,3,spring,1,2015-03-01
2015,82,10.2907,6.2978,7.55,29.63,3.2,0.0,40.0,117.0,3,spring,1,2015-03-01
2015,83,7.8946,5.6897,6.4,48.4,3.06,0.0,40.0,117.0,3,spring,1,2015-03-01
2015,84,5.3374,5.1598,8.06,49.33,3.15,0.0,40.0,117.0,3,spring,1,2015-03-01
2015,85,5.5351,5.3278,11.21,45.17,3.38,0.0,40.0,117.0,3,spring,1,2015-03-01
2015,86,2.9746,4.6944,11.2,48.15,4.06,0.0,40.0,117.0,3,spring,0,2015-03-01
2015,87,3.259,4.5101,15.05,38.25,4.71,0.0,40.0,117.0,3,spring,0,2015-03-01
2015,88,3.114,4.6673,14.05,42.74,4.78,0.0,40.0,117.0,3,spring,0,2015-03-01
2015,89,1.0133,3.5431,14.31,60.0,3.57,0.5,40.0,117.0,3,spring,0,2015-03-01
2015,90,0.7294,2.2711,12.71,57.78,4.68,3.77,40.0,117.0,3,spring,0,2015-03-01
2015,91,1.2346,3.551,9.97,36.57,3.07,0.03,40.0,117.0,3,spring,0,2015-03-01
2015,92,0.8002,2.4454,7.67,68.26,3.46,17.92,40.0,117.0,4,spring,0,2015-04-01
2015,93,5.8063,5.6899,9.55,57.09,3.76,0.0,40.0,117.0,4,spring,1,2015-04-01
2015,94,3.7327,4.8636,10.59,57.46,1.92,0.0,40.0,117.0,4,spring,0,2015-04-01
2015,95,8.2759,6.3821,11.25,38.27,5.68,0.0,40.0,117.0,4,spring,1,2015-04-01
2015,96,6.8755,6.4176,5.14,34.42,2.55,0.0,40.0,117.0,4,spring,1,2015-04-01
2015,97,11.255,7.2422,5.87,30.75,3.42,0.0,40.0,117.0,4,spring,1,2015-04-01
2015,98,6.0166,5.8788,6.67,54.73,3.99,0.01,40.0,117.0,4,spring,1,2015-04-01
2015,99,6.1231,5.9714,9.69,59.12,3.35,0.0,40.0,117.0,4,spring,1,2015-04-01
2015,100,5.0782,5.5651,12.45,60.04,3.1,0.0,40.0,117.0,4,spring,1,2015-04-01
2015,101,1.5245,3.6958,12.6,63.42,4.49,9.27,40.0,117.0,4,spring,0,2015-04-01
2015,102,0.0823,2.0122,6.66,59.72,7.52,10.05,40.0,117.0,4,spring,0,2015-04-01
2015,103,7.4952,6.6161,10.06,42.64,4.52,0.45,40.0,117.0,4,spring,1,2015-04-01
2015,104,8.795,7.075,14.71,37.43,3.04,0.0,40.0,117.0,4,spring,1,2015-04-01
2015,105,2.7048,5.0446,15.81,42.94,4.42,0.0,40.0,117.0,4,spring,0,2015-04-01
2015,106,11.7072,7.6416,13.35,24.63,5.62,0.0,40.0,117.0,4,spring,1,2015-04-01
2015,107,6.8369,6.6475,14.95,36.96,2.88,0.0,40.0,117.0,4,spring,1,2015-04-01
2015,108,0.0612,2.7938,15.41,43.45,2.9,0.0,40.0,117.0,4,spring,0,2015-04-01
2015,109,0.5126,4.7767,13.53,39.11,3.3,0.1,40.0,117.0,4,spring,0,2015-04-01
2015,110,10.1422,7.5348,13.63,32.56,3.75,0.0,40.0,117.0,4,spring,1,2015-04-01
2015,111,5.1276,5.0947,16.82,33.94,4.27,0.0,40.0,117.0,4,spring,1,2015-04-01
2015,112,10.457,7.5473,17.63,29.22,4.45,0.0,40.0,117.0,4,spring,1,2015-04-01
2015,113,6.4567,6.0934,17.97,35.94,3.77,0.0,40.0,117.0,4,spring,1,2015-04-01
2015,114,10.9735,7.699,18.15,27.15,4.14,0.0,40.0,117.0,4,spring,1,2015-04-01
2015,115,9.3974,7.4786,21.76,29.28,4.03,0.0,40.0,117.0,4,spring,1,2015-04-01
2015,116,7.8456,7.139,23.07,33.56,3.15,0.0,40.0,117.0,4,spring,1,2015-04-01
2015,117,2.9573,5.1922,21.32,54.66,2.46,4.54,40.0,117.0,4,spring,0,2015-04-01
2015,118,1.6812,3.9367,19.38,65.84,2.86,1.83,40.0,117.0,4,spring,0,2015-04-01
2015,119,6.3367,6.8407,20.47,60.5,2.4,0.0,40.0,117.0,4,spring,1,2015-04-01
2015,120,3.8434,5.8627,21.54,57.87,3.65,0.0,40.0,117.0,4,spring,0,2015-04-01
2015,121,1.1726,3.175,19.2,67.07,4.34,8.19,40.0,117.0,4,spring,0,2015-04-01
2015,122,5.561,6.6842,18.97,62.72,2.97,1.27,40.0,117.0,5,spring,1,2015-05-01
2015,123,7.5286,7.2319,17.71,32.78,5.97,0.0,40.0,117.0,5,spring,1,2015-05-01
2015,124,11.6426,8.2152,16.15,24.35,4.88,0.0,40.0,117.0,5,spring,1,2015-05-01
2015,125,5.5498,6.7872,18.52,31.42,3.85,0.0,40.0,117.0,5,spring,1,2015-05-01
2015,126,5.3196,6.3787,16.42,24.31,4.59,0.66,40.0,117.0,5,spring,1,2015-05-01
2015,127,7.1952,7.2854,18.36,43.04,2.48,1.0,40.0,117.0,5,spring,1,2015-05-01
2015,128,3.0166,4.5722,16.4,49.39,5.45,0.36,40.0,117.0,5,spring,0,2015-05-01
2015,129,0.1877,2.7194,12.62,56.61,2.6,1.73,40.0,117.0,5,spring,0,2015-05-01
2015,130,0.0439,1.019,10.09,76.71,3.34,22.34,40.0,117.0,5,spring,0,2015-05-01
2015,131,1.2919,3.823,12.78,57.22,3.2,0.07,40.0,117.0,5,spring,0,2015-05-01
2015,132,5.7602,5.9642,18.06,40.04,4.97,0.0,40.0,117.0,5,spring,1,2015-05-01
2015,133,4.0946,6.1752,22.86,30.86,4.01,0.0,40.0,117.0,5,spring,0,2015-05-01
2015,134,8.9988,7.9426,21.14,29.23,4.45,0.0,40.0,117.0,5,spring,1,2015-05-01
2015,135,10.4606,8.1919,19.64,35.43,3.5,0.0,40.0,117.0,5,spring,1,2015-05-01
2015,136,11.2193,8.4487,21.31,31.69,3.87,0.0,40.0,117.0,5,spring,1,2015-05-01
2015,137,1.367,3.4997,22.28,60.08,3.75,3.71,40.0,117.0,5,spring,0,2015-05-01
2015,138,9.3806,8.0052,22.32,33.58,6.0,0.28,40.0,117.0,5,spring,1,2015-05-01
2015,139,8.3964,7.3342,19.96,26.17,6.03,0.0,40.0,117.0,5,spring,1,2015-05-01
2015,140,10.1575,8.0806,22.2,32.13,3.67,0.0,40.0,117.0,5,spring,1,2015-05-01
2015,141,6.5611,7.2902,21.4,35.08,3.99,0.0,40.0,117.0,5,spring,1,2015-05-01
2015,142,6.3823,7.3058,20.78,43.74,2.39,0.0,40.0,117.0,5,spring,1,2015-05-01
2015,143,6.8542,7.2108,22.92,46.91,3.05,0.0,40.0,117.0,5,spring,1,2015-05-01
2015,144,5.8598,6.9509,24.26,48.74,3.48,0.05,40.0,117.0,5,spring,1,2015-05-01
2015,145,6.4819,7.1662,25.45,40.7,3.77,0.04,40.0,117.0,5,spring,1,2015-05-01
2015,146,5.2877,6.8256,26.91,36.18,4.62,0.0,40.0,117.0,5,spring,1,2015-05-01
2015,147,3.7054,5.9438,24.88,49.67,3.52,1.17,40.0,117.0,5,spring,0,2015-05-01
2015,148,1.0066,4.0661,24.58,50.83,3.38,0.31,40.0,117.0,5,spring,0,2015-05-01
2015,149,2.1245,5.1655,22.68,51.39,2.67,2.08,40.0,117.0,5,spring,0,2015-05-01
2015,150,9.5153,8.1864,23.99,38.98,4.0,0.0,40.0,117.0,5,spring,1,2015-05-01
2015,151,6.1843,6.995,26.01,45.04,4.76,0.0,40.0,117.0,5,spring,1,2015-05-01
2015,152,2.5622,5.3186,27.24,41.77,3.29,0.98,40.0,117.0,5,spring,0,2015-05-01
2015,153,10.4719,8.5349,26.08,32.31,3.97,0.02,40.0,117.0,6,summer,1,2015-06-01
2015,154,6.9732,7.6781,23.98,26.05,2.74,0.0,40.0,117.0,6,summer,1,2015-06-01
2015,155,0.0622,1.0937,20.75,53.22,2.64,7.17,40.0,117.0,6,summer,0,2015-06-01
2015,156,7.1436,7.6255,23.57,50.18,2.56,0.77,40.0,117.0,6,summer,1,2015-06-01
2015,157,2.6719,5.5099,24.64,43.17,3.17,2.34,40.0,117.0,6,summer,0,2015-06-01
2015,158,5.1156,6.1368,22.3,37.34,2.58,0.11,40.0,117.0,6,summer,1,2015-06-01
2015,159,8.7382,8.0081,24.24,35.33,2.38,0.02,40.0,117.0,6,summer,1,2015-06-01
2015,160,0.2688,3.5921,25.17,39.94,3.41,1.09,40.0,117.0,6,summer,0,2015-06-01
2015,161,0.0521,2.1948,21.02,74.85,2.69,14.4,40.0,117.0,6,summer,0,2015-06-01
2015,162,2.5522,4.847,22.88,53.24,3.92,1.22,40.0,117.0,6,summer,0,2015-06-01
2015,163,5.2769,6.0902,23.66,43.14,4.91,0.2,40.0,117.0,6,summer,1,2015-06-01
2015,164,2.0849,5.1761,23.37,54.62,4.12,1.15,40.0,117.0,6,summer,0,2015-06-01
2015,165,8.7991,7.9656,26.26,47.34,2.01,0.01,40.0,117.0,6,summer,1,2015-06-01
2015,166,2.2956,6.1022,25.52,50.45,2.76,0.03,40.0,117.0,6,summer,0,2015-06-01
2015,167,2.2349,5.6482,26.34,52.05,2.64,0.01,40.0,117.0,6,summer,0,2015-06-01
2015,168,1.1856,4.3008,26.33,60.45,2.36,8.92,40.0,117.0,6,summer,0,2015-06-01
2015,169,8.9146,7.531,25.78,40.22,3.15,0.17,40.0,117.0,6,summer,1,2015-06-01
2015,170,1.1822,3.6883,20.88,58.76,2.72,5.54,40.0,117.0,6,summer,0,2015-06-01
2015,171,7.512,7.603,24.9,49.63,2.68,0.0,40.0,117.0,6,summer,1,2015-06-01
2015,172,3.7968,6.4138,25.46,44.96,2.3,0.0,40.0,117.0,6,summer,0,2015-06-01
2015,173,3.6521,6.0708,25.44,51.64,1.79,0.03,40.0,117.0,6,summer,0,2015-06-01
2015,174,1.1854,4.3918,25.48,62.72,3.71,0.13,40.0,117.0,6,summer,0,2015-06-01
2015,175,0.0192,2.1204,26.19,59.88,3.24,0.59,40.0,117.0,6,summer,0,2015-06-01
2015,176,0.151,2.1394,25.17,66.51,1.76,2.71,40.0,117.0,6,summer,0,2015-06-01
2015,177,0.059,2.6508,23.59,68.98,1.42,3.22,40.0,117.0,6,summer,0,2015-06-01
2015,178,1.4902,4.3644,26.65,60.01,2.08,0.02,40.0,117.0,6,summer,0,2015-06-01
2015,179,0.383,3.9103,26.46,63.79,2.81,1.41,40.0,117.0,6,summer,0,2015-06-01
2015,180,0.0646,1.5166,23.32,71.01,3.46,7.93,40.0,117.0,6,summer,0,2015-06-01
2015,181,6.06,6.4661,22.47,57.37,3.0,1.04,40.0,117.0,6,summer,1,2015-06-01
2015,182,6.0835,5.8236,26.19,37.25,4.22,0.02,40.0,117.0,6,summer,1,2015-06-01
2015,183,9.4534,7.8785,26.35,36.96,4.17,0.56,40.0,117.0,7,summer,1,2015-07-01
2015,184,10.4566,8.4343,25.62,34.94,2.96,0.0,40.0,117.0,7,summer,1,2015-07-01
2015,185,0.7121,3.8182,24.03,47.82,2.68,1.5,40.0,117.0,7,summer,0,2015-07-01
2015,186,6.7142,7.2178,25.16,50.45,2.77,0.08,40.0,117.0,7,summer,1,2015-07-01
2015,187,6.6684,7.463,25.63,47.87,2.68,0.0,40.0,117.0,7,summer,1,2015-07-01
2015,188,5.7761,7.2456,26.31,49.96,2.36,0.0,40.0,117.0,7,summer,1,2015-07-01
2015,189,3.7615,6.1678,27.7,49.0,2.62,0.0,40.0,117.0,7,summer,0,2015-07-01
2015,190,5.9057,7.2096,27.99,38.95,2.8,0.0,40.0,117.0,7,summer,1,2015-07-01
2015,191,3.6012,6.0689,28.16,50.66,2.6,0.06,40.0,117.0,7,summer,0,2015-07-01
2015,192,1.8698,4.7542,29.19,51.23,2.7,0.4,40.0,117.0,7,summer,0,2015-07-01
2015,193,4.2929,5.9717,31.74,45.81,1.13,0.04,40.0,117.0,7,summer,0,2015-07-01
2015,194,5.7682,7.2314,33.09,36.07,2.23,0.2,40.0,117.0,7,summer,1,2015-07-01
2015,195,3.1344,5.6662,31.66,42.44,2.29,2.27,40.0,117.0,7,summer,0,2015-07-01
2015,196,0.1574,2.9765,27.57,52.15,2.46,4.59,40.0,117.0,7,summer,0,2015-07-01
2015,197,0.1565,2.381,25.03,65.53,4.23,5.32,40.0,117.0,7,summer,0,2015-07-01
2015,198,0.7802,4.4678,25.85,70.26,2.82,6.72,40.0,117.0,7,summer,0,2015-07-01
2015,199,0.5402,3.4922,24.32,80.43,2.37,19.74,40.0,117.0,7,summer,0,2015-07-01
2015,200,0.0485,2.0441,24.01,87.31,3.06,20.25,40.0,117.0,7,summer,0,2015-07-01
2015,201,1.0214,4.2842,24.39,80.45,2.63,2.85,40.0,117.0,7,summer,0,2015-07-01
2015,202,0.3926,4.1306,25.74,76.93,2.6,1.93,40.0,117.0,7,summer,0,2015-07-01
2015,203,0.817,4.4201,24.93,80.16,1.52,3.31,40.0,117.0,7,summer,0,2015-07-01
2015,204,1.662,5.2267,26.42,68.21,1.72,2.4,40.0,117.0,7,summer,0,2015-07-01
2015,205,2.3606,4.9474,27.21,67.95,2.12,1.75,40.0,117.0,7,summer,0,2015-07-01
2015,206,5.0518,6.7284,27.32,69.21,2.79,1.08,40.0,117.0,7,summer,1,2015-07-01
2015,207,3.0766,5.6906,29.57,60.76,1.97,1.31,40.0,117.0,7,summer,0,2015-07-01
2015,208,1.5211,4.9066,28.22,78.57,2.4,24.76,40.0,117.0,7,summer,0,2015-07-01
2015,209,0.8962,3.6422,27.62,78.36,1.61,5.46,40.0,117.0,7,summer,0,2015-07-01
2015,210,1.3702,4.915,28.53,77.38,1.29,8.21,40.0,117.0,7,summer,0,2015-07-01
2015,211,1.2238,3.9473,26.48,82.53,3.17,13.22,40.0,117.0,7,summer,0,2015-07-01
2015,212,2.303,5.0678,25.81,72.67,2.83,0.51,40.0,117.0,7,summer,0,2015-07-01
2015,213,0.5902,3.0542,25.69,73.99,2.45,3.92,40.0,117.0,7,summer,0,2015-07-01
2015,214,3.7111,4.8672,26.38,79.96,1.37,13.56,40.0,117.0,8,summer,0,2015-08-01
2015,215,0.8479,3.4642,25.14,73.6,2.31,0.91,40.0,117.0,8,summer,0,2015-08-01
2015,216,9.8326,7.7076,25.87,61.64,3.08,0.0,40.0,117.0,8,summer,1,2015-08-01
2015,217,4.0742,6.2818,26.79,72.29,2.47,0.52,40.0,117.0,8,summer,0,2015-08-01
2015,218,2.6515,4.7366,26.38,74.85,2.85,2.69,40.0,117.0,8,summer,0,2015-08-01
2015,219,1.7273,4.4887,26.13,69.91,1.15,6.35,40.0,117.0,8,summer,0,2015-08-01
2015,220,4.0949,6.0456,25.73,71.8,1.39,1.18,40.0,117.0,8,summer,0,2015-08-01
2015,221,7.7966,6.9708,28.89,53.05,1.23,0.39,40.0,117.0,8,summer,1,2015-08-01
2015,222,8.1564,6.84,29.09,50.46,1.94,0.0,40.0,117.0,8,summer,1,2015-08-01
2015,223,6.9754,6.6694,28.38,63.33,1.64,0.24,40.0,117.0,8,summer,1,2015-08-01
2015,224,7.8319,6.9401,29.52,54.46,2.65,0.02,40.0,117.0,8,summer,1,2015-08-01
2015,225,6.479,6.5206,28.45,56.9,2.45,0.0,40.0,117.0,8,summer,1,2015-08-01
2015,226,1.2353,4.6462,27.77,49.65,2.25,0.0,40.0,117.0,8,summer,0,2015-08-01
2015,227,10.6282,7.5586,28.35,40.5,1.99,0.0,40.0,117.0,8,summer,1,2015-08-01
2015,228,7.5648,6.8316,28.74,41.79,2.17,0.0,40.0,117.0,8,summer,1,2015-08-01
2015,229,1.9476,4.6594,27.8,53.53,2.91,0.4,40.0,117.0,8,summer,0,2015-08-01
2015,230,2.0119,4.5785,26.5,69.33,2.29,2.03,40.0,117.0,8,summer,0,2015-08-01
2015,231,0.8429,3.4726,23.82,81.41,2.12,7.97,40.0,117.0,8,summer,0,2015-08-01
2015,232,6.1855,6.3444,25.88,56.94,2.12,0.18,40.0,117.0,8,summer,1,2015-08-01
2015,233,5.6942,5.9275,26.44,44.38,2.65,0.0,40.0,117.0,8,summer,1,2015-08-01
2015,234,2.4492,4.3848,25.75,57.03,2.58,0.42,40.0,117.0,8,summer,0,2015-08-01
2015,235,0.5054,3.4373,22.42,85.67,2.07,11.34,40.0,117.0,8,summer,0,2015-08-01
2015,236,2.7734,4.8629,24.33,61.41,2.89,0.19,40.0,117.0,8,summer,0,2015-08-01
2015,237,1.9973,4.8842,24.91,59.36,2.83,0.25,40.0,117.0,8,summer,0,2015-08-01
2015,238,3.2057,5.1055,25.52,59.32,1.6,0.87,40.0,117.0,8,summer,0,2015-08-01
2015,239,5.8898,5.9381,25.86,57.48,1.43,0.17,40.0,117.0,8,summer,1,2015-08-01
2015,240,5.574,5.8483,26.5,53.36,1.74,2.26,40.0,117.0,8,summer,1,2015-08-01
2015,241,3.6588,5.2022,23.8,72.98,2.29,2.78,40.0,117.0,8,summer,0,2015-08-01
2015,242,0.3432,3.0384,22.18,83.52,2.21,11.15,40.0,117.0,8,summer,0,2015-08-01
2015,243,0.0938,2.0494,21.06,87.68,2.26,15.5,40.0,117.0,8,summer,0,2015-08-01
2015,244,0.0456,2.2718,20.58,86.38,3.56,16.74,40.0,117.0,8,summer,0,2015-08-01
2015,245,5.6942,5.7094,23.93,67.91,2.55,0.01,40.0,117.0,9,autumn,1,2015-09-01
2015,246,7.3879,6.2213,25.03,60.4,2.45,0.0,40.0,117.0,9,autumn,1,2015-09-01
2015,247,0.0967,1.4796,20.79,87.42,2.15,20.12,40.0,117.0,9,autumn,0,2015-09-01
2015,248,0.2076,1.5953,18.99,87.96,2.66,21.18,40.0,117.0,9,autumn,0,2015-09-01
2015,249,7.2168,5.9297,20.64,67.2,2.52,0.0,40.0,117.0,9,autumn,1,2015-09-01
2015,250,7.5593,5.9582,21.47,63.12,2.18,0.0,40.0,117.0,9,autumn,1,2015-09-01
2015,251,4.6358,5.3918,21.26,63.43,2.0,0.0,40.0,117.0,9,autumn,0,2015-09-01
2015,252,0.4318,2.477,21.19,66.77,3.18,1.18,40.0,117.0,9,autumn,0,2015-09-01
2015,253,0.2095,1.8482,17.03,74.95,2.01,4.06,40.0,117.0,9,autumn,0,2015-09-01
2015,254,2.6093,3.5429,17.2,73.48,2.06,4.92,40.0,117.0,9,autumn,0,2015-09-01
2015,255,10.2259,6.4954,17.4,54.83,4.17,0.0,40.0,117.0,9,autumn,1,2015-09-01
2015,256,9.3794,6.2275,20.06,55.7,3.43,0.0,40.0,117.0,9,autumn,1,2015-09-01
2015,257,6.948,5.7158,19.1,63.57,2.38,0.0,40.0,117.0,9,autumn,1,2015-09-01
2015,258,5.5826,5.3078,20.24,61.18,1.73,0.0,40.0,117.0,9,autumn,1,2015-09-01
2015,259,5.2378,5.1005,20.32,67.01,1.99,0.0,40.0,117.0,9,autumn,1,2015-09-01
2015,260,1.3402,3.714,21.59,70.12,2.13,0.17,40.0,117.0,9,autumn,0,2015-09-01
2015,261,4.1892,4.6946,22.74,63.86,2.1,2.54,40.0,117.0,9,autumn,0,2015-09-01
2015,262,9.7457,6.0583,21.07,49.87,2.8,0.0,40.0,117.0,9,autumn,1,2015-09-01
2015,263,3.4382,4.2079,20.76,70.14,2.98,0.01,40.0,117.0,9,autumn,0,2015-09-01
2015,264,3.0871,4.1364,20.98,64.18,3.03,0.0,40.0,117.0,9,autumn,0,2015-09-01
2015,265,0.0242,1.7419,19.86,83.13,2.94,6.71,40.0,117.0,9,autumn,0,2015-09-01
2015,266,5.2476,4.8499,20.39,65.99,2.57,0.72,40.0,117.0,9,autumn,1,2015-09-01
2015,267,1.7014,3.2345,20.66,75.3,2.57,4.44,40.0,117.0,9,autumn,0,2015-09-01
2015,268,8.6837,5.7382,19.11,54.34,2.95,9.96,40.0,117.0,9,autumn,1,2015-09-01
2015,269,8.3434,5.5224,18.23,49.17,3.33,0.0,40.0,117.0,9,autumn,1,2015-09-01
2015,270,7.1578,5.1708,18.93,63.06,2.39,2.64,40.0,117.0,9,autumn,1,2015-09-01
2015,271,0.4308,1.7695,16.74,76.25,2.57,5.96,40.0,117.0,9,autumn,0,2015-09-01
2015,272,0.1548,1.3037,14.9,77.94,2.93,6.32,40.0,117.0,9,autumn,0,2015-09-01
2015,273,1.4899,2.9374,16.18,73.61,2.67,9.11,40.0,117.0,9,autumn,0,2015-09-01
2015,274,8.37,5.3484,15.25,53.97,6.14,0.14,40.0,117.0,9,autumn,1,2015-09-01
2015,275,8.795,5.3076,16.47,55.31,3.86,0.0,40.0,117.0,10,autumn,1,2015-10-01
2015,276,8.6664,5.2579,16.49,55.32,3.16,0.0,40.0,117.0,10,autumn,1,2015-10-01
2015,277,5.6938,4.5749,17.24,68.89,2.32,0.0,40.0,117.0,10,autumn,1,2015-10-01
2015,278,4.5024,4.2458,17.24,73.92,1.92,0.0,40.0,117.0,10,autumn,0,2015-10-01
2015,279,4.4899,4.1119,18.61,69.38,2.29,0.0,40.0,117.0,10,autumn,0,2015-10-01
2015,280,1.0558,2.9484,18.93,69.07,3.47,0.48,40.0,117.0,10,autumn,0,2015-10-01
2015,281,10.0594,5.3122,12.69,41.02,4.31,0.0,40.0,117.0,10,autumn,1,2015-10-01
2015,282,5.0306,3.8126,11.81,40.92,5.43,0.0,40.0,117.0,10,autumn,1,2015-10-01
2015,283,3.8405,3.7469,10.41,41.32,6.18,0.0,40.0,117.0,10,autumn,0,2015-10-01
2015,284,5.1463,3.6912,13.84,45.92,5.03,0.0,40.0,117.0,10,autumn,1,2015-10-01
2015,285,8.795,4.8336,15.09,46.88,3.15,0.0,40.0,117.0,10,autumn,1,2015-10-01
2015,286,8.5572,4.7717,15.97,46.59,2.94,0.0,40.0,117.0,10,autumn,1,2015-10-01
2015,287,0.9734,2.592,16.41,64.89,2.45,0.0,40.0,117.0,10,autumn,0,2015-10-01
2015,288,6.3742,4.2737,17.0,55.5,1.88,0.0,40.0,117.0,10,autumn,1,2015-10-01
2015,289,5.7041,4.0678,15.94,63.36,2.1,0.0,40.0,117.0,10,autumn,1,2015-10-01
2015,290,1.4645,2.7202,15.61,72.46,1.97,0.0,40.0,117.0,10,autumn,0,2015-10-01
2015,291,6.3571,4.2204,12.31,49.98,3.57,0.0,40.0,117.0,10,autumn,1,2015-10-01
2015,292,4.5463,3.6672,12.74,73.26,2.35,0.0,40.0,117.0,10,autumn,0,2015-10-01
2015,293,0.0648,0.5146,12.56,70.99,4.43,0.4,40.0,117.0,10,autumn,0,2015-10-01
2015,294,0.0893,1.0109,10.72,72.89,2.87,0.75,40.0,117.0,10,autumn,0,2015-10-01
2015,295,0.1543,1.4786,9.27,79.18,2.48,6.74,40.0,117.0,10,autumn,0,2015-10-01
2015,296,3.876,3.3751,11.28,76.53,1.64,0.14,40.0,117.0,10,autumn,0,2015-10-01
2015,297,6.2122,3.9739,11.8,54.26,2.97,0.0,40.0,117.0,10,autumn,1,2015-10-01
2015,298,2.255,2.4835,10.01,49.43,2.35,2.23,40.0,117.0,10,autumn,0,2015-10-01
2015,299,0.4291,1.3238,9.12,67.49,3.62,1.01,40.0,117.0,10,autumn,0,2015-10-01
2015,300,5.4919,3.6194,8.64,43.09,4.17,0.0,40.0,117.0,10,autumn,1,2015-10-01
2015,301,8.1598,4.0277,7.18,43.75,3.69,0.0,40.0,117.0,10,autumn,1,2015-10-01
2015,302,8.9038,4.1486,5.16,42.26,4.11,0.0,40.0,117.0,10,autumn,1,2015-10-01
2015,303,8.2102,3.9262,5.88,44.68,2.83,0.0,40.0,117.0,10,autumn,1,2015-10-01
2015,304,8.0875,3.8563,6.39,50.9,2.79,0.0,40.0,117.0,10,autumn,1,2015-10-01
2015,305,8.2656,3.9377,8.37,48.54,2.2,0.0,40.0,117.0,10,autumn,1,2015-10-01
2015,306,6.9626,3.732,9.58,47.47,3.16,0.0,40.0,117.0,11,autumn,1,2015-11-01
2015,307,4.9008,3.2002,9.3,61.02,3.14,0.0,40.0,117.0,11,autumn,1,2015-11-01
2015,308,0.365,1.7611,9.63,69.0,2.18,0.0,40.0,117.0,11,autumn,0,2015-11-01
2015,309,0.0235,0.5086,7.05,62.66,5.3,2.28,40.0,117.0,11,autumn,0,2015-11-01
2015,310,0.0293,0.565,1.73,70.08,4.92,10.2,40.0,117.0,11,autumn,0,2015-11-01
2015,311,0.8734,0.9631,1.66,79.42,3.51,7.64,40.0,117.0,11,autumn,0,2015-11-01
2015,312,1.3534,1.6176,1.87,75.89,1.57,0.2,40.0,117.0,11,autumn,0,2015-11-01
2015,313,3.7022,2.4545,2.21,76.02,1.61,0.0,40.0,117.0,11,autumn,0,2015-11-01
2015,314,0.1421,0.6149,3.03,82.86,1.92,0.0,40.0,117.0,11,autumn,0,2015-11-01
2015,315,0.4769,0.9384,5.14,81.27,0.94,0.0,40.0,117.0,11,autumn,0,2015-11-01
2015,316,0.0502,0.9151,5.08,83.97,1.55,0.0,40.0,117.0,11,autumn,0,2015-11-01
2015,317,0.2746,1.2631,5.79,86.68,1.45,0.0,40.0,117.0,11,autumn,0,2015-11-01
2015,318,0.199,1.0838,6.22,90.74,1.98,0.0,40.0,117.0,11,autumn,0,2015-11-01
2015,319,3.3646,2.6016,7.71,74.31,2.86,0.09,40.0,117.0,11,autumn,0,2015-11-01
2015,320,0.4512,0.923,4.81,60.12,2.79,0.61,40.0,117.0,11,autumn,0,2015-11-01
2015,321,4.8264,2.8488,3.94,61.41,3.21,0.03,40.0,117.0,11,autumn,1,2015-11-01
2015,322,0.6295,1.3385,2.32,58.96,2.37,0.01,40.0,117.0,11,autumn,0,2015-11-01
2015,323,0.0461,0.4992,1.56,70.64,3.18,1.17,40.0,117.0,11,autumn,0,2015-11-01
2015,324,0.131,0.6154,-0.63,83.94,2.44,3.56,40.0,117.0,11,autumn,0,2015-11-01
2015,325,0.2803,0.6869,-0.33,83.94,2.93,3.15,40.0,117.0,11,autumn,0,2015-11-01
2015,326,0.3734,0.859,-3.49,77.75,3.42,6.62,40.0,117.0,11,autumn,0,2015-11-01
2015,327,5.6494,2.76,-5.67,67.95,3.15,0.26,40.0,117.0,11,autumn,1,2015-11-01
2015,328,0.2849,0.8604,-7.24,61.36,2.29,0.11,40.0,117.0,11,autumn,0,2015-11-01
2015,329,3.569,2.2973,-6.86,60.26,4.85,0.03,40.0,117.0,11,autumn,0,2015-11-01
2015,330,5.9741,2.8219,-9.62,56.22,3.14,0.0,40.0,117.0,11,autumn,1,2015-11-01
2015,331,3.455,2.1528,-6.89,77.55,1.28,0.0,40.0,117.0,11,autumn,0,2015-11-01
2015,332,0.8198,1.1431,-3.45,79.16,2.17,0.15,40.0,117.0,11,autumn,0,2015-11-01
2015,333,5.5454,2.623,-1.43,76.0,2.25,0.11,40.0,117.0,11,autumn,1,2015-11-01
2015,334,2.3789,1.9414,-2.51,82.44,2.55,0.0,40.0,117.0,11,autumn,0,2015-11-01
2015,335,0.1666,0.5282,-1.27,97.41,1.56,0.0,40.0,117.0,11,autumn,0,2015-11-01
2015,336,4.951,2.347,-2.46,56.67,5.42,0.0,40.0,117.0,12,winter,1,2015-12-01
2015,337,5.7773,2.6225,-3.89,50.0,6.07,0.0,40.0,117.0,12,winter,1,2015-12-01
2015,338,7.4501,2.8193,-2.95,61.75,3.63,0.0,40.0,117.0,12,winter,1,2015-12-01
2015,339,7.2559,2.8015,-0.99,61.44,2.7,0.0,40.0,117.0,12,winter,1,2015-12-01
2015,340,2.9676,2.0294,-0.41,77.71,1.82,0.0,40.0,117.0,12,winter,0,2015-12-01
2015,341,0.5582,1.0418,0.21,85.31,1.56,0.0,40.0,117.0,12,winter,0,2015-12-01
2015,342,0.1087,0.606,-0.83,89.77,1.57,0.0,40.0,117.0,12,winter,0,2015-12-01
2015,343,0.3086,0.7058,1.08,91.15,1.17,0.0,40.0,117.0,12,winter,0,2015-12-01
2015,344,6.9794,2.7043,0.63,69.55,3.5,0.0,40.0,117.0,12,winter,1,2015-12-01
2015,345,6.4414,2.6237,-1.25,58.21,2.26,0.0,40.0,117.0,12,winter,1,2015-12-01
2015,346,1.1122,1.6891,-0.13,60.34,1.24,0.0,40.0,117.0,12,winter,0,2015-12-01
2015,347,1.2797,1.8137,-1.23,65.49,2.42,0.09,40.0,117.0,12,winter,0,2015-12-01
2015,348,3.4824,1.7858,-0.2,70.99,2.67,0.78,40.0,117.0,12,winter,0,2015-12-01
2015,349,6.4562,2.5205,-2.37,49.28,5.5,0.0,40.0,117.0,12,winter,1,2015-12-01
2015,350,7.254,2.7014,-4.51,46.21,5.57,0.0,40.0,117.0,12,winter,1,2015-12-01
2015,351,7.2355,2.6777,-4.81,58.65,3.08,0.0,40.0,117.0,12,winter,1,2015-12-01
2015,352,6.9516,2.6333,-1.85,59.76,2.6,0.0,40.0,117.0,12,winter,1,2015-12-01
2015,353,2.8042,2.0731,-0.96,64.11,1.53,0.0,40.0,117.0,12,winter,0,2015-12-01
2015,354,0.9355,1.4539,-0.71,73.31,1.1,0.0,40.0,117.0,12,winter,0,2015-12-01
2015,355,2.9028,2.0138,-1.01,71.06,1.88,0.0,40.0,117.0,12,winter,0,2015-12-01
2015,356,0.8933,1.361,-1.65,79.76,2.33,0.0,40.0,117.0,12,winter,0,2015-12-01
2015,357,4.8533,2.214,0.12,62.24,2.53,0.0,40.0,117.0,12,winter,1,2015-12-01
2015,358,5.1533,2.335,-0.39,52.64,2.75,0.0,40.0,117.0,12,winter,1,2015-12-01
2015,359,2.8834,1.6106,-1.35,63.21,2.27,0.0,40.0,117.0,12,winter,0,2015-12-01
2015,360,5.579,2.3779,-3.07,58.63,3.57,0.0,40.0,117.0,12,winter,1,2015-12-01
2015,361,5.7317,2.2409,-7.79,54.2,1.72,0.0,40.0,117.0,12,winter,1,2015-12-01
2015,362,5.7029,2.4948,-5.33,68.42,2.32,0.0,40.0,117.0,12,winter,1,2015-12-01
2015,363,2.3347,1.9085,-2.8,76.81,1.37,0.0,40.0,117.0,12,winter,0,2015-12-01
2015,364,5.8015,2.485,-1.69,60.82,3.77,0.0,40.0,117.0,12,winter,1,2015-12-01
2015,365,5.9882,2.5234,-3.23,63.01,2.82,0.0,40.0,117.0,12,winter,1,2015-12-01
2016,1,3.8981,2.2939,-2.63,81.93,1.9,0.0,40.0,117.0,1,winter,0,2016-01-01
2016,2,4.1959,2.3297,-0.69,71.72,2.19,0.0,40.0,117.0,1,winter,0,2016-01-01
2016,3,2.5097,2.0736,-2.38,69.69,2.26,0.0,40.0,117.0,1,winter,0,2016-01-01
2016,4,6.3422,2.609,-4.11,53.33,3.32,0.0,40.0,117.0,1,winter,1,2016-01-01
2016,5,7.5754,2.7864,-6.74,52.68,3.04,0.0,40.0,117.0,1,winter,1,2016-01-01
2016,6,7.5862,2.8459,-5.62,53.21,3.85,0.0,40.0,117.0,1,winter,1,2016-01-01
2016,7,7.6178,2.8601,-6.33,55.18,3.58,0.0,40.0,117.0,1,winter,1,2016-01-01
2016,8,7.5106,2.8771,-6.35,54.41,3.02,0.0,40.0,117.0,1,winter,1,2016-01-01
2016,9,6.8042,2.7787,-4.99,55.93,3.0,0.0,40.0,117.0,1,winter,1,2016-01-01
2016,10,5.9527,2.7031,-5.22,53.64,3.03,0.0,40.0,117.0,1,winter,1,2016-01-01
2016,11,7.8792,2.9974,-7.7,48.11,3.17,0.0,40.0,117.0,1,winter,1,2016-01-01
2016,12,7.4537,2.9256,-8.63,51.38,3.42,0.0,40.0,117.0,1,winter,1,2016-01-01
2016,13,6.6684,2.8253,-6.43,48.64,3.52,0.0,40.0,117.0,1,winter,1,2016-01-01
2016,14,6.8155,2.7859,-4.53,47.06,3.56,0.0,40.0,117.0,1,winter,1,2016-01-01
2016,15,5.4912,2.7058,-3.32,54.85,2.77,0.0,40.0,117.0,1,winter,1,2016-01-01
2016,16,0.3492,1.2583,-3.98,65.98,4.06,0.39,40.0,117.0,1,winter,0,2016-01-01
2016,17,5.4876,2.5337,-6.63,53.22,3.31,0.28,40.0,117.0,1,winter,1,2016-01-01
2016,18,7.1191,2.9755,-10.75,42.81,4.91,0.0,40.0,117.0,1,winter,1,2016-01-01
2016,19,6.7774,2.9146,-9.01,45.46,2.36,0.0,40.0,117.0,1,winter,1,2016-01-01
2016,20,1.9901,2.1576,-8.68,55.04,2.43,0.01,40.0,117.0,1,winter,0,2016-01-01
2016,21,1.8826,1.8842,-7.42,74.18,2.76,0.34,40.0,117.0,1,winter,0,2016-01-01
2016,22,5.7125,2.8562,-11.41,41.39,5.57,0.07,40.0,117.0,1,winter,1,2016-01-01
2016,23,6.39,2.9942,-16.81,37.68,6.32,0.18,40.0,117.0,1,winter,1,2016-01-01
2016,24,5.6784,2.9054,-12.53,45.24,5.26,0.0,40.0,117.0,1,winter,1,2016-01-01
2016,25,7.4674,3.2611,-6.89,45.55,3.4,0.0,40.0,117.0,1,winter,1,2016-01-01
2016,26,7.511,3.2765,-6.31,48.07,3.78,0.0,40.0,117.0,1,winter,1,2016-01-01
2016,27,7.7316,3.373,-5.53,49.97,2.17,0.0,40.0,117.0,1,winter,1,2016-01-01
2016,28,3.7301,2.6604,-3.08,61.91,2.17,0.0,40.0,117.0,1,winter,0,2016-01-01
2016,29,2.4348,2.5466,-7.37,56.25,2.77,0.0,40.0,117.0,1,winter,0,2016-01-01
2016,30,1.7078,2.3892,-8.29,56.88,2.25,0.02,40.0,117.0,1,winter,0,2016-01-01
2016,31,8.3518,3.5549,-7.71,49.88,3.25,0.0,40.0,117.0,1,winter,1,2016-01-01
2016,32,8.5632,3.6754,-5.58,50.71,3.34,0.0,40.0,117.0,2,winter,1,2016-02-01
2016,33,5.2598,3.2225,-4.79,50.71,2.94,0.0,40.0,117.0,2,winter,1,2016-02-01
2016,34,4.6171,3.0545,-2.91,46.8,3.58,0.0,40.0,117.0,2,winter,0,2016-02-01
2016,35,4.2545,3.102,-3.02,46.6,3.73,0.0,40.0,117.0,2,winter,0,2016-02-01
2016,36,7.0795,3.4457,-3.44,45.08,4.87,0.0,40.0,117.0,2,winter,1,2016-02-01
2016,37,8.3707,3.781,-2.22,48.26,2.75,0.0,40.0,117.0,2,winter,1,2016-02-01
2016,38,8.237,3.7692,-1.98,45.17,4.13,0.0,40.0,117.0,2,winter,1,2016-02-01
2016,39,8.4348,3.8923,1.48,41.87,3.91,0.0,40.0,117.0,2,winter,1,2016-02-01
2016,40,8.1341,3.8194,0.7,56.78,3.12,0.0,40.0,117.0,2,winter,1,2016-02-01
2016,41,4.0126,3.1658,0.76,75.86,2.74,0.0,40.0,117.0,2,winter,0,2016-02-01
2016,42,0.1126,1.4683,2.69,91.54,2.04,0.0,40.0,117.0,2,winter,0,2016-02-01
2016,43,1.2804,2.201,3.87,87.21,1.69,7.79,40.0,117.0,2,winter,0,2016-02-01
2016,44,0.8719,2.4694,-0.06,49.08,6.87,2.45,40.0,117.0,2,winter,0,2016-02-01
2016,45,7.2785,3.9202,-4.72,36.05,6.32,0.0,40.0,117.0,2,winter,1,2016-02-01
2016,46,7.867,4.0416,-2.82,42.58,5.1,0.0,40.0,117.0,2,winter,1,2016-02-01
2016,47,8.3926,4.1323,-0.54,48.52,4.71,0.0,40.0,117.0,2,winter,1,2016-02-01
2016,48,7.5353,4.2014,0.57,52.38,3.81,0.0,40.0,117.0,2,winter,1,2016-02-01
2016,49,8.9522,4.41,1.4,42.27,4.44,0.0,40.0,117.0,2,winter,1,2016-02-01
2016,50,6.6353,4.1455,0.38,42.61,4.26,0.0,40.0,117.0,2,winter,1,2016-02-01
2016,51,9.3216,4.5941,-2.21,39.73,3.85,0.0,40.0,117.0,2,winter,1,2016-02-01
2016,52,4.853,3.7121,-1.35,50.48,3.87,0.0,40.0,117.0,2,winter,1,2016-02-01
2016,53,7.8979,4.3805,0.09,55.18,4.0,0.0,40.0,117.0,2,winter,1,2016-02-01
2016,54,9.3542,4.7179,-2.26,40.19,4.22,0.0,40.0,117.0,2,winter,1,2016-02-01
2016,55,8.105,4.536,-2.24,42.2,3.9,0.0,40.0,117.0,2,winter,1,2016-02-01
2016,56,5.7029,3.9941,-0.58,41.32,2.91,0.0,40.0,117.0,2,winter,1,2016-02-01
2016,57,6.0439,4.1484,0.47,44.15,4.09,0.0,40.0,117.0,2,winter,1,2016-02-01
2016,58,6.4409,4.3937,0.61,52.8,3.15,0.05,40.0,117.0,2,winter,1,2016-02-01
2016,59,6.8976,4.3022,-0.43,49.08,4.87,0.03,40.0,117.0,2,winter,1,2016-02-01
2016,60,8.2178,4.8595,-1.98,42.3,2.97,0.0,40.0,117.0,2,winter,1,2016-02-01
2016,61,8.6066,4.9207,1.18,58.35,2.61,0.0,40.0,117.0,3,spring,1,2016-03-01
2016,62,8.2759,4.944,6.77,51.79,2.75,0.0,40.0,117.0,3,spring,1,2016-03-01
2016,63,2.6647,3.629,5.39,70.62,3.48,0.0,40.0,117.0,3,spring,0,2016-03-01
2016,64,0.1066,1.5564,5.48,68.35,3.09,0.55,40.0,117.0,3,spring,0,2016-03-01
2016,65,9.2227,5.2579,5.25,35.39,4.56,0.03,40.0,117.0,3,spring,1,2016-03-01
2016,66,0.5698,2.2642,2.01,47.09,2.99,0.0,40.0,117.0,3,spring,0,2016-03-01
2016,67,9.6506,5.4689,3.13,34.8,6.06,0.0,40.0,117.0,3,spring,1,2016-03-01
2016,68,9.0454,5.3825,-0.41,27.84,4.07,0.0,40.0,117.0,3,spring,1,2016-03-01
2016,69,10.0493,5.6854,-1.24,33.09,4.39,0.0,40.0,117.0,3,spring,1,2016-03-01
2016,70,10.0918,5.6213,-0.36,35.37,4.01,0.0,40.0,117.0,3,spring,1,2016-03-01
2016,71,10.4042,5.7521,-0.09,38.77,3.46,0.0,40.0,117.0,3,spring,1,2016-03-01
2016,72,2.6069,4.0531,0.96,55.29,2.93,0.0,40.0,117.0,3,spring,0,2016-03-01
2016,73,10.1282,5.7689,3.16,39.78,3.83,0.0,40.0,117.0,3,spring,1,2016-03-01
2016,74,8.8778,5.7077,5.24,41.53,3.01,0.0,40.0,117.0,3,spring,1,2016-03-01
2016,75,1.7119,3.5256,4.52,57.5,3.3,0.0,40.0,117.0,3,spring,0,2016-03-01
2016,76,4.9392,4.8334,6.91,65.97,3.04,0.0,40.0,117.0,3,spring,1,2016-03-01
2016,77,1.32,3.5614,8.68,66.52,3.38,0.0,40.0,117.0,3,spring,0,2016-03-01
2016,78,8.7091,5.789,11.47,43.32,3.39,0.0,40.0,117.0,3,spring,1,2016-03-01
2016,79,4.133,4.8386,8.39,45.62,3.28,0.0,40.0,117.0,3,spring,0,2016-03-01
2016,80,8.7396,5.9129,9.43,47.35,2.21,0.0,40.0,117.0,3,spring,1,2016-03-01
2016,81,6.8506,5.5625,10.16,51.45,2.91,0.0,40.0,117.0,3,spring,1,2016-03-01
2016,82,3.0156,4.4964,9.4,51.66,3.86,0.0,40.0,117.0,3,spring,0,2016-03-01
2016,83,10.2905,6.3646,6.02,35.12,4.21,0.0,40.0,117.0,3,spring,1,2016-03-01
2016,84,10.1938,6.3437,6.29,31.51,3.04,0.0,40.0,117.0,3,spring,1,2016-03-01
2016,85,9.4639,6.2654,6.3,36.16,2.67,0.0,40.0,117.0,3,spring,1,2016-03-01
2016,86,7.8106,5.9282,9.09,34.83,4.03,0.0,40.0,117.0,3,spring,1,2016-03-01
2016,87,9.3953,6.2758,11.05,31.87,4.62,0.0,40.0,117.0,3,spring,1,2016-03-01
2016,88,1.8617,4.5314,11.51,41.76,3.76,0.0,40.0,117.0,3,spring,0,2016-03-01
2016,89,8.189,5.8826,11.66,32.39,4.93,0.0,40.0,117.0,3,spring,1,2016-03-01
2016,90,9.4018,6.5506,11.76,34.39,3.98,0.0,40.0,117.0,3,spring,1,2016-03-01
2016,91,2.8992,4.7431,12.9,52.69,4.45,0.0,40.0,117.0,3,spring,0,2016-03-01
2016,92,8.4343,6.4061,14.97,43.5,5.39,0.29,40.0,117.0,4,spring,1,2016-04-01
2016,93,3.4008,5.1857,12.26,33.3,4.16,0.3,40.0,117.0,4,spring,0,2016-04-01
2016,94,9.6281,6.8563,11.47,27.48,3.28,0.0,40.0,117.0,4,spring,1,2016-04-01
2016,95,9.1858,6.6108,12.07,43.24,3.78,0.0,40.0,117.0,4,spring,1,2016-04-01
2016,96,5.9659,5.874,13.77,42.88,4.19,0.03,40.0,117.0,4,spring,1,2016-04-01
2016,97,0.4738,3.151,13.09,54.65,3.37,0.05,40.0,117.0,4,spring,0,2016-04-01
2016,98,9.0655,6.7416,15.17,34.73,5.24,0.0,40.0,117.0,4,spring,1,2016-04-01
2016,99,10.7501,7.1695,13.86,25.0,5.21,0.0,40.0,117.0,4,spring,1,2016-04-01
2016,100,7.457,6.503,13.21,29.61,4.38,0.0,40.0,117.0,4,spring,1,2016-04-01
2016,101,7.8024,6.6797,11.32,28.87,3.82,0.0,40.0,117.0,4,spring,1,2016-04-01
2016,102,4.0222,5.4408,9.78,36.47,4.05,0.01,40.0,117.0,4,spring,0,2016-04-01
2016,103,2.9686,4.1393,11.27,61.93,2.71,2.06,40.0,117.0,4,spring,0,2016-04-01
2016,104,7.9673,6.4997,15.11,50.44,4.82,0.26,40.0,117.0,4,spring,1,2016-04-01
2016,105,8.6465,6.8412,14.43,33.68,4.11,0.0,40.0,117.0,4,spring,1,2016-04-01
2016,106,1.494,4.261,14.12,53.44,3.25,0.51,40.0,117.0,4,spring,0,2016-04-01
2016,107,0.7874,4.1693,14.87,37.33,5.25,3.35,40.0,117.0,4,spring,0,2016-04-01
2016,108,6.8662,6.029,12.85,31.13,5.77,0.07,40.0,117.0,4,spring,1,2016-04-01
2016,109,6.3062,6.2954,12.7,33.77,3.77,0.06,40.0,117.0,4,spring,1,2016-04-01
2016,110,0.9214,2.3885,12.34,50.88,3.27,0.18,40.0,117.0,4,spring,0,2016-04-01
2016,111,7.8518,7.0445,17.08,42.42,3.08,0.0,40.0,117.0,4,spring,1,2016-04-01
2016,112,9.533,7.2204,19.59,31.06,4.73,0.0,40.0,117.0,4,spring,1,2016-04-01
2016,114,8.1209,7.3392,14.89,22.12,3.8,0.0,40.0,117.0,4,spring,1,2016-04-01
2016,115,6.2842,6.6132,16.52,44.71,4.28,0.0,40.0,117.0,4,spring,1,2016-04-01
2016,116,4.6958,6.0576,19.39,46.57,4.84,0.0,40.0,117.0,4,spring,0,2016-04-01
2016,117,2.1377,5.1427,17.07,36.98,4.04,0.0,40.0,117.0,4,spring,0,2016-04-01
2016,118,0.2765,3.859,16.23,45.37,2.09,0.12,40.0,117.0,4,spring,0,2016-04-01
2016,119,7.2389,7.1287,19.24,38.19,4.14,0.07,40.0,117.0,4,spring,1,2016-04-01
2016,120,2.1098,5.0203,19.02,42.71,4.05,0.0,40.0,117.0,4,spring,0,2016-04-01
2016,121,7.817,7.225,22.5,38.75,4.28,0.0,40.0,117.0,4,spring,1,2016-04-01
2016,122,1.6066,4.5977,23.64,43.77,4.28,0.0,40.0,117.0,5,spring,0,2016-05-01
2016,123,0.0065,0.8333,15.62,59.88,6.68,16.01,40.0,117.0,5,spring,0,2016-05-01
2016,124,8.886,7.6882,17.3,34.67,6.87,0.01,40.0,117.0,5,spring,1,2016-05-01
2016,125,6.3775,6.5674,19.36,27.76,3.52,0.05,40.0,117.0,5,spring,1,2016-05-01
2016,126,1.7311,4.6807,18.87,36.84,3.86,0.43,40.0,117.0,5,spring,0,2016-05-01
2016,127,11.7593,8.3119,18.0,24.83,6.15,0.0,40.0,117.0,5,spring,1,2016-05-01
2016,128,11.7178,8.4149,17.85,25.17,3.55,0.0,40.0,117.0,5,spring,1,2016-05-01
2016,129,7.8192,7.6226,18.6,43.45,4.09,0.0,40.0,117.0,5,spring,1,2016-05-01
2016,130,0.3137,3.1315,18.42,50.07,2.33,0.25,40.0,117.0,5,spring,0,2016-05-01
2016,131,8.7662,7.8535,20.77,38.94,3.12,0.0,40.0,117.0,5,spring,1,2016-05-01
2016,132,0.8266,3.905,22.53,54.92,4.44,1.62,40.0,117.0,5,spring,0,2016-05-01
2016,133,3.2402,3.6806,17.12,50.24,5.33,7.58,40.0,117.0,5,spring,0,2016-05-01
2016,134,9.9506,8.161,17.99,30.22,4.0,0.0,40.0,117.0,5,spring,1,2016-05-01
2016,135,0.1068,1.4868,13.65,74.72,3.36,7.51,40.0,117.0,5,spring,0,2016-05-01
2016,136,6.8465,6.9722,17.91,38.18,4.25,0.0,40.0,117.0,5,spring,1,2016-05-01
2016,138,9.8714,8.1134,22.95,33.69,3.45,0.0,40.0,117.0,5,spring,1,2016-05-01
2016,139,7.3344,7.5703,22.7,45.98,3.62,0.0,40.0,117.0,5,spring,1,2016-05-01
2016,140,5.8514,7.043,22.46,40.35,3.45,0.0,40.0,117.0,5,spring,1,2016-05-01
2016,141,6.0607,7.2413,21.43,37.73,3.23,0.0,40.0,117.0,5,spring,1,2016-05-01
2016,142,7.4014,7.6154,22.69,33.66,3.52,0.0,40.0,117.0,5,spring,1,2016-05-01
2016,143,4.2058,6.6288,23.47,33.86,3.07,0.0,40.0,117.0,5,spring,0,2016-05-01
2016,144,0.0463,2.5493,18.99,57.56,3.29,4.68,40.0,117.0,5,spring,0,2016-05-01
2016,145,8.3678,7.9517,21.0,41.67,4.96,0.26,40.0,117.0,5,spring,1,2016-05-01
2016,146,1.2641,5.7233,21.32,37.28,4.34,0.4,40.0,117.0,5,spring,0,2016-05-01
2016,147,11.867,8.7662,22.49,30.15,3.57,0.03,40.0,117.0,5,spring,1,2016-05-01
2016,148,5.0926,7.0351,22.84,27.22,3.86,0.0,40.0,117.0,5,spring,1,2016-05-01
2016,149,7.6714,7.943,23.31,34.4,3.78,0.0,40.0,117.0,5,spring,1,2016-05-01
2016,150,11.8006,8.6798,23.96,29.22,3.33,0.0,40.0,117.0,5,spring,1,2016-05-01
2016,151,7.2137,7.4422,25.38,35.37,2.81,0.01,40.0,117.0,5,spring,1,2016-05-01
2016,152,0.1195,3.3979,23.51,31.6,4.51,0.01,40.0,117.0,5,spring,0,2016-05-01
2016,153,6.4226,6.857,24.98,32.56,2.37,0.01,40.0,117.0,6,summer,1,2016-06-01
2016,154,6.972,7.7227,25.5,27.21,3.3,0.0,40.0,117.0,6,summer,1,2016-06-01
2016,155,0.7034,4.3834,23.06,34.58,2.1,0.0,40.0,117.0,6,summer,0,2016-06-01
2016,156,3.0624,5.8193,23.97,44.39,2.21,0.0,40.0,117.0,6,summer,0,2016-06-01
2016,157,4.3378,6.3912,24.44,43.46,3.4,0.0,40.0,117.0,6,summer,0,2016-06-01
2016,158,3.1966,5.9436,25.12,46.79,2.26,0.29,40.0,117.0,6,summer,0,2016-06-01
2016,159,5.1533,6.7877,21.41,62.99,3.26,8.27,40.0,117.0,6,summer,1,2016-06-01
2016,160,5.753,7.0238,24.55,53.75,2.3,0.0,40.0,117.0,6,summer,1,2016-06-01
2016,161,3.7178,6.529,26.44,48.72,5.13,0.31,40.0,117.0,6,summer,0,2016-06-01
2016,162,2.6383,5.1274,25.64,57.81,3.46,10.11,40.0,117.0,6,summer,0,2016-06-01
2016,163,5.4962,6.7169,25.37,40.03,3.51,0.0,40.0,117.0,6,summer,1,2016-06-01
2016,164,4.3848,6.6341,25.23,45.6,2.89,0.06,40.0,117.0,6,summer,0,2016-06-01
2016,165,0.0461,1.8401,22.36,63.56,2.6,14.9,40.0,117.0,6,summer,0,2016-06-01
2016,166,0.0149,1.0596,19.63,74.1,3.67,6.4,40.0,117.0,6,summer,0,2016-06-01
2016,167,5.2289,6.9355,24.01,52.6,3.2,1.23,40.0,117.0,6,summer,1,2016-06-01
2016,168,5.2922,7.1554,27.01,42.48,2.98,0.05,40.0,117.0,6,summer,1,2016-06-01
2016,169,0.4702,3.9732,25.74,50.73,3.42,4.08,40.0,117.0,6,summer,0,2016-06-01
2016,170,8.8186,8.034,26.58,56.95,2.69,0.08,40.0,117.0,6,summer,1,2016-06-01
2016,171,8.2512,7.9169,28.46,43.24,2.73,0.01,40.0,117.0,6,summer,1,2016-06-01
2016,172,2.6215,5.3323,27.29,60.65,2.99,3.42,40.0,117.0,6,summer,0,2016-06-01
2016,173,3.3578,6.0547,27.42,66.86,2.6,8.03,40.0,117.0,6,summer,0,2016-06-01
2016,174,4.9354,6.6343,28.45,67.63,3.04,0.86,40.0,117.0,6,summer,1,2016-06-01
2016,175,1.0214,4.7928,26.13,62.01,2.22,0.39,40.0,117.0,6,summer,0,2016-06-01
2016,176,9.1277,7.8202,26.74,34.6,4.77,0.09,40.0,117.0,6,summer,1,2016-06-01
2016,177,7.9666,7.9092,29.09,30.96,3.33,0.0,40.0,117.0,6,summer,1,2016-06-01
2016,178,4.1042,6.5532,29.31,32.06,2.91,0.0,40.0,117.0,6,summer,0,2016-06-01
2016,179,0.4937,3.5251,26.62,54.01,2.76,15.23,40.0,117.0,6,summer,0,2016-06-01
2016,180,0.2134,2.1598,21.7,82.76,3.5,12.62,40.0,117.0,6,summer,0,2016-06-01
2016,181,1.7042,4.9807,23.98,76.0,2.0,8.5,40.0,117.0,6,summer,0,2016-06-01
2016,182,5.6578,6.9665,26.52,67.13,2.5,0.94,40.0,117.0,6,summer,1,2016-06-01
2016,183,6.7999,7.1126,26.82,48.99,2.51,0.05,40.0,117.0,7,summer,1,2016-07-01
2016,184,9.7867,8.207,27.31,48.88,1.98,0.07,40.0,117.0,7,summer,1,2016-07-01
2016,185,4.0404,6.5263,27.3,57.0,2.87,0.63,40.0,117.0,7,summer,0,2016-07-01
2016,186,1.206,4.9805,26.9,57.69,3.01,0.3,40.0,117.0,7,summer,0,2016-07-01
2016,187,5.8529,7.0303,27.21,50.52,2.38,0.0,40.0,117.0,7,summer,1,2016-07-01
2016,188,6.1529,7.2749,27.05,52.4,2.59,0.0,40.0,117.0,7,summer,1,2016-07-01
2016,189,5.1403,6.5866,27.66,57.66,2.68,0.0,40.0,117.0,7,summer,1,2016-07-01
2016,190,1.0022,4.6102,28.54,57.86,2.57,0.0,40.0,117.0,7,summer,0,2016-07-01
2016,191,2.5769,5.6268,29.56,60.35,2.56,0.0,40.0,117.0,7,summer,0,2016-07-01
2016,192,4.2799,6.4022,31.4,55.37,3.53,0.0,40.0,117.0,7,summer,0,2016-07-01
2016,193,1.8197,5.455,31.08,51.25,3.77,0.0,40.0,117.0,7,summer,0,2016-07-01
2016,194,0.1435,1.5386,28.18,61.94,1.62,3.96,40.0,117.0,7,summer,0,2016-07-01
2016,195,7.7616,7.5288,30.21,49.36,2.12,0.0,40.0,117.0,7,summer,1,2016-07-01
2016,196,0.3576,3.8378,27.93,49.91,1.79,0.08,40.0,117.0,7,summer,0,2016-07-01
2016,197,0.3389,1.7462,25.35,60.86,1.98,7.11,40.0,117.0,7,summer,0,2016-07-01
2016,198,1.4525,4.584,25.85,51.62,1.56,0.12,40.0,117.0,7,summer,0,2016-07-01
2016,199,1.2384,4.3003,27.1,54.61,2.22,0.0,40.0,117.0,7,summer,0,2016-07-01
2016,200,0.4162,4.3164,26.9,55.92,2.28,0.21,40.0,117.0,7,summer,0,2016-07-01
2016,201,0.0437,1.8907,23.48,81.58,3.75,19.86,40.0,117.0,7,summer,0,2016-07-01
2016,202,0.1865,0.6578,22.97,90.92,7.92,169.35,40.0,117.0,7,summer,0,2016-07-01
2016,203,0.2686,2.0916,25.81,88.88,3.52,39.01,40.0,117.0,7,summer,0,2016-07-01
2016,204,0.4694,3.5662,26.78,86.86,2.17,3.78,40.0,117.0,7,summer,0,2016-07-01
2016,205,1.6613,4.2821,28.34,87.97,2.68,3.61,40.0,117.0,7,summer,0,2016-07-01
2016,206,2.263,5.3746,29.56,86.39,1.85,9.77,40.0,117.0,7,summer,0,2016-07-01
2016,207,0.2818,2.5891,27.36,91.61,3.98,16.67,40.0,117.0,7,summer,0,2016-07-01
2016,208,7.6882,7.2504,26.71,72.2,2.04,0.02,40.0,117.0,7,summer,1,2016-07-01
2016,209,6.9149,7.0901,27.29,75.95,1.97,1.65,40.0,117.0,7,summer,1,2016-07-01
2016,210,5.3153,6.5222,27.6,81.81,2.28,4.51,40.0,117.0,7,summer,1,2016-07-01
2016,211,2.2418,4.8535,27.74,82.05,2.47,0.03,40.0,117.0,7,summer,0,2016-07-01
2016,212,0.2712,2.3309,26.69,88.3,2.95,6.83,40.0,117.0,7,summer,0,2016-07-01
2016,213,0.6127,3.1116,26.29,88.45,2.3,1.57,40.0,117.0,7,summer,0,2016-07-01
2016,214,3.3106,5.0873,27.4,78.01,2.14,11.37,40.0,117.0,8,summer,0,2016-08-01
2016,215,6.7274,6.6254,27.18,76.88,2.51,0.18,40.0,117.0,8,summer,1,2016-08-01
2016,216,7.1302,6.9506,28.45,74.15,1.44,0.0,40.0,117.0,8,summer,1,2016-08-01
2016,217,4.601,5.8658,27.99,78.17,1.63,0.0,40.0,117.0,8,summer,0,2016-08-01
2016,218,1.8125,5.2522,27.15,76.52,1.64,0.0,40.0,117.0,8,summer,0,2016-08-01
2016,219,0.8875,4.5127,27.78,82.85,2.47,3.08,40.0,117.0,8,summer,0,2016-08-01
2016,220,3.9019,5.3734,24.55,82.43,3.37,25.94,40.0,117.0,8,summer,0,2016-08-01
2016,221,8.489,7.3116,25.2,76.11,3.05,0.15,40.0,117.0,8,summer,1,2016-08-01
2016,222,8.5183,7.2343,26.26,71.22,1.59,0.08,40.0,117.0,8,summer,1,2016-08-01
2016,223,2.7595,4.8434,28.44,80.59,3.18,0.0,40.0,117.0,8,summer,0,2016-08-01
2016,224,1.0908,4.7693,28.78,78.57,2.48,0.19,40.0,117.0,8,summer,0,2016-08-01
2016,225,0.1843,1.3769,27.95,83.19,2.39,28.64,40.0,117.0,8,summer,0,2016-08-01
2016,226,1.7011,3.9689,26.64,70.38,1.95,4.93,40.0,117.0,8,summer,0,2016-08-01
2016,227,8.053,7.0435,25.65,69.2,3.0,0.46,40.0,117.0,8,summer,1,2016-08-01
2016,228,1.2031,3.413,23.56,79.36,1.89,3.94,40.0,117.0,8,summer,0,2016-08-01
2016,229,8.075,6.9442,24.87,72.91,2.0,0.0,40.0,117.0,8,summer,1,2016-08-01
2016,230,0.0554,2.4646,25.52,75.9,1.44,0.62,40.0,117.0,8,summer,0,2016-08-01
2016,231,0.0418,0.7589,23.0,92.6,3.96,39.61,40.0,117.0,8,summer,0,2016-08-01
2016,232,5.1607,6.0612,25.19,81.5,3.52,2.17,40.0,117.0,8,summer,1,2016-08-01
2016,233,5.7449,6.209,25.43,75.05,1.92,0.12,40.0,117.0,8,summer,1,2016-08-01
2016,234,7.1774,6.2328,26.31,72.13,1.92,0.57,40.0,117.0,8,summer,1,2016-08-01
2016,235,2.7413,4.6066,26.19,69.2,1.82,0.01,40.0,117.0,8,summer,0,2016-08-01
2016,236,0.2978,2.0506,24.5,79.24,2.0,1.94,40.0,117.0,8,summer,0,2016-08-01
2016,237,5.761,5.7574,27.03,76.05,1.28,3.74,40.0,117.0,8,summer,1,2016-08-01
2016,238,5.0834,4.6675,23.78,65.79,4.47,0.95,40.0,117.0,8,summer,1,2016-08-01
2016,239,10.8463,7.2218,21.5,54.28,2.52,0.0,40.0,117.0,8,summer,1,2016-08-01
2016,240,8.0148,6.3586,23.09,52.46,2.27,0.06,40.0,117.0,8,summer,1,2016-08-01
2016,241,10.608,7.0723,22.24,55.47,3.43,0.14,40.0,117.0,8,summer,1,2016-08-01
2016,242,7.8982,6.5383,23.86,54.52,2.82,0.0,40.0,117.0,8,summer,1,2016-08-01
2016,243,8.5519,6.4685,24.35,60.93,2.03,0.0,40.0,117.0,8,summer,1,2016-08-01
2016,244,6.475,6.2866,23.35,49.95,4.22,0.0,40.0,117.0,8,summer,1,2016-08-01
2016,245,0.3595,3.3802,21.11,54.93,3.36,0.11,40.0,117.0,9,autumn,0,2016-09-01
2016,246,1.4474,3.4546,21.72,60.33,2.17,0.24,40.0,117.0,9,autumn,0,2016-09-01
2016,247,5.1775,5.6642,23.31,65.03,1.87,0.12,40.0,117.0,9,autumn,1,2016-09-01
2016,248,1.3049,3.3535,23.88,75.21,2.48,5.05,40.0,117.0,9,autumn,0,2016-09-01
2016,249,6.4349,5.7526,23.81,66.68,2.43,1.75,40.0,117.0,9,autumn,1,2016-09-01
2016,250,2.5634,4.8542,23.18,63.06,2.44,0.21,40.0,117.0,9,autumn,0,2016-09-01
2016,251,3.2136,4.8631,22.98,63.61,2.31,5.55,40.0,117.0,9,autumn,0,2016-09-01
2016,252,8.0803,5.9378,23.0,56.38,2.04,0.25,40.0,117.0,9,autumn,1,2016-09-01
2016,253,7.1765,5.6314,24.32,49.24,2.07,0.02,40.0,117.0,9,autumn,1,2016-09-01
2016,254,8.3981,6.0674,22.94,54.64,2.87,0.1,40.0,117.0,9,autumn,1,2016-09-01
2016,255,0.2239,1.9927,20.09,83.83,2.47,9.36,40.0,117.0,9,autumn,0,2016-09-01
2016,256,2.413,4.2,21.31,73.79,1.8,0.47,40.0,117.0,9,autumn,0,2016-09-01
2016,257,1.6315,3.3917,21.88,75.57,2.13,0.01,40.0,117.0,9,autumn,0,2016-09-01
2016,258,2.6256,4.133,22.84,73.7,2.3,0.06,40.0,117.0,9,autumn,0,2016-09-01
2016,259,6.9338,5.4074,23.62,64.64,1.89,0.0,40.0,117.0,9,autumn,1,2016-09-01
2016,260,2.3047,3.7778,23.82,75.67,1.92,2.29,40.0,117.0,9,autumn,0,2016-09-01
2016,261,0.2059,1.5103,20.11,76.23,3.14,4.4,40.0,117.0,9,autumn,0,2016-09-01
2016,262,0.9595,2.124,18.56,74.25,2.39,5.75,40.0,117.0,9,autumn,0,2016-09-01
2016,263,9.3763,5.9105,18.18,56.64,2.63,0.0,40.0,117.0,9,autumn,1,2016-09-01
2016,264,7.9915,5.585,19.08,50.26,2.23,0.0,40.0,117.0,9,autumn,1,2016-09-01
2016,265,0.5479,1.9565,18.16,67.47,1.96,0.31,40.0,117.0,9,autumn,0,2016-09-01
2016,266,1.2622,3.0067,19.36,68.47,1.79,2.1,40.0,117.0,9,autumn,0,2016-09-01
2016,267,3.6554,4.2259,20.57,73.62,2.04,2.21,40.0,117.0,9,autumn,0,2016-09-01
2016,268,3.6233,4.2384,21.81,75.5,2.03,1.91,40.0,117.0,9,autumn,0,2016-09-01
2016,269,1.4652,2.9345,21.39,65.94,3.92,3.17,40.0,117.0,9,autumn,0,2016-09-01
2016,270,0.2047,1.4143,21.03,78.63,2.25,7.72,40.0,117.0,9,autumn,0,2016-09-01
2016,271,4.5751,4.7273,17.49,54.02,5.25,0.0,40.0,117.0,9,autumn,0,2016-09-01
2016,272,9.3871,5.5363,13.62,46.97,2.52,0.0,40.0,117.0,9,autumn,1,2016-09-01
2016,273,6.9067,5.0611,14.99,48.57,2.47,0.0,40.0,117.0,9,autumn,1,2016-09-01
2016,274,5.2296,4.4246,18.08,52.17,2.04,0.0,40.0,117.0,9,autumn,1,2016-09-01
2016,275,3.6103,4.135,17.97,66.75,2.3,0.24,40.0,117.0,10,autumn,0,2016-10-01
2016,276,1.47,2.9851,19.71,61.81,2.11,0.19,40.0,117.0,10,autumn,0,2016-10-01
2016,277,4.8274,4.4446,20.74,68.8,2.94,0.06,40.0,117.0,10,autumn,1,2016-10-01
2016,278,0.0346,0.5018,17.41,75.86,4.99,5.79,40.0,117.0,10,autumn,0,2016-10-01
2016,279,3.845,3.8047,15.95,68.85,2.14,0.0,40.0,117.0,10,autumn,0,2016-10-01
2016,280,0.3146,1.1779,14.24,67.93,4.09,4.57,40.0,117.0,10,autumn,0,2016-10-01
2016,281,0.2186,0.8741,12.54,91.49,3.4,14.7,40.0,117.0,10,autumn,0,2016-10-01
2016,282,8.9054,5.093,10.35,48.55,4.98,0.0,40.0,117.0,10,autumn,1,2016-10-01
2016,283,4.6198,4.2098,9.65,53.71,2.85,0.0,40.0,117.0,10,autumn,0,2016-10-01
2016,284,5.3477,4.1911,11.27,66.77,2.12,0.0,40.0,117.0,10,autumn,1,2016-10-01
2016,285,5.646,4.1664,11.92,66.39,2.7,0.0,40.0,117.0,10,autumn,1,2016-10-01
2016,286,1.0392,2.1353,12.49,72.68,2.51,0.0,40.0,117.0,10,autumn,0,2016-10-01
2016,287,4.9442,3.9319,14.29,80.04,2.11,0.0,40.0,117.0,10,autumn,1,2016-10-01
2016,288,4.0049,3.5957,14.66,75.41,2.35,0.0,40.0,117.0,10,autumn,0,2016-10-01
2016,289,1.4861,2.185,14.28,75.65,1.9,1.6,40.0,117.0,10,autumn,0,2016-10-01
2016,290,0.5868,1.7052,14.29,85.83,2.65,0.46,40.0,117.0,10,autumn,0,2016-10-01
2016,291,7.9783,4.3094,13.75,59.29,3.04,0.0,40.0,117.0,10,autumn,1,2016-10-01
2016,292,1.1652,2.1866,14.27,81.15,2.0,0.0,40.0,117.0,10,autumn,0,2016-10-01
2016,293,2.4545,2.8154,15.84,82.6,1.81,0.0,40.0,117.0,10,autumn,0,2016-10-01
2016,294,0.1318,1.2665,12.32,63.66,4.54,3.89,40.0,117.0,10,autumn,0,2016-10-01
2016,295,0.0631,0.6895,11.02,76.4,1.9,8.22,40.0,117.0,10,autumn,0,2016-10-01
2016,296,0.6382,2.1655,9.58,60.14,4.32,0.75,40.0,117.0,10,autumn,0,2016-10-01
2016,297,6.8074,3.9482,9.27,48.46,1.63,0.0,40.0,117.0,10,autumn,1,2016-10-01
2016,298,0.3103,1.5924,7.99,52.75,1.68,0.02,40.0,117.0,10,autumn,0,2016-10-01
2016,299,5.0803,3.6353,10.88,68.58,2.18,0.03,40.0,117.0,10,autumn,1,2016-10-01
2016,300,4.8422,3.367,9.6,51.55,3.71,0.0,40.0,117.0,10,autumn,1,2016-10-01
2016,301,0.0694,0.8014,8.55,70.96,1.99,11.19,40.0,117.0,10,autumn,0,2016-10-01
2016,302,5.1079,3.6967,6.24,54.55,4.3,0.0,40.0,117.0,10,autumn,1,2016-10-01
2016,303,7.1136,3.8503,4.62,48.23,3.77,0.0,40.0,117.0,10,autumn,1,2016-10-01
2016,304,0.713,1.7628,3.94,65.55,3.38,0.0,40.0,117.0,10,autumn,0,2016-10-01
2016,305,9.0965,4.139,-0.32,42.85,3.68,0.0,40.0,117.0,10,autumn,1,2016-10-01
2016,306,5.8466,3.4884,0.27,53.28,3.07,0.0,40.0,117.0,11,autumn,1,2016-11-01
2016,307,4.2173,3.1723,3.59,54.59,2.23,0.0,40.0,117.0,11,autumn,0,2016-11-01
2016,308,5.3618,3.247,5.45,60.29,2.13,0.0,40.0,117.0,11,autumn,1,2016-11-01
2016,309,4.8336,3.0542,5.48,82.54,1.89,0.0,40.0,117.0,11,autumn,1,2016-11-01
2016,310,4.5878,3.1063,7.78,70.58,3.85,0.0,40.0,117.0,11,autumn,0,2016-11-01
2016,311,1.5907,2.3273,4.55,62.05,2.55,0.09,40.0,117.0,11,autumn,0,2016-11-01
2016,312,4.0454,2.7401,5.61,57.08,3.37,0.86,40.0,117.0,11,autumn,0,2016-11-01
2016,313,8.1374,3.5779,3.22,55.07,2.8,0.0,40.0,117.0,11,autumn,1,2016-11-01
2016,314,2.1562,1.9716,2.49,68.32,2.93,0.0,40.0,117.0,11,autumn,0,2016-11-01
2016,315,0.1841,0.9979,3.49,72.4,2.32,0.81,40.0,117.0,11,autumn,0,2016-11-01
2016,316,1.195,1.6752,3.79,53.39,3.02,0.0,40.0,117.0,11,autumn,0,2016-11-01
2016,317,3.4193,2.5142,4.48,58.96,3.11,0.0,40.0,117.0,11,autumn,0,2016-11-01
2016,318,0.7697,1.0747,5.83,89.71,1.81,0.0,40.0,117.0,11,autumn,0,2016-11-01
2016,319,6.6526,3.2587,4.51,51.27,3.83,0.0,40.0,117.0,11,autumn,1,2016-11-01
2016,320,5.8454,3.036,2.33,60.99,2.9,0.0,40.0,117.0,11,autumn,1,2016-11-01
2016,321,4.3082,2.7144,4.32,76.95,1.92,0.0,40.0,117.0,11,autumn,0,2016-11-01
2016,322,0.719,1.2108,3.75,67.97,2.01,0.0,40.0,117.0,11,autumn,0,2016-11-01
2016,323,0.0026,0.4565,6.05,85.64,1.51,0.15,40.0,117.0,11,autumn,0,2016-11-01
2016,324,5.5531,2.8843,7.05,68.49,2.67,0.01,40.0,117.0,11,autumn,1,2016-11-01
2016,325,0.1416,0.4687,2.58,80.13,3.46,5.73,40.0,117.0,11,autumn,0,2016-11-01
2016,326,0.2592,1.2175,-2.18,56.32,5.8,3.39,40.0,117.0,11,autumn,0,2016-11-01
2016,327,7.6901,3.1284,-5.48,45.86,3.66,0.0,40.0,117.0,11,autumn,1,2016-11-01
2016,328,3.7522,2.3614,-3.96,52.63,3.34,0.0,40.0,117.0,11,autumn,0,2016-11-01
2016,329,6.9689,2.9314,-3.09,57.65,2.27,0.0,40.0,117.0,11,autumn,1,2016-11-01
2016,330,2.3686,2.1468,-1.86,66.33,1.69,0.0,40.0,117.0,11,autumn,0,2016-11-01
2016,331,1.3867,2.171,-0.98,72.52,2.33,0.0,40.0,117.0,11,autumn,0,2016-11-01
2016,332,7.2718,2.9534,-0.39,53.37,3.88,0.0,40.0,117.0,11,autumn,1,2016-11-01
2016,333,5.7792,2.7072,0.08,51.17,1.96,0.0,40.0,117.0,11,autumn,1,2016-11-01
2016,334,0.8338,1.4544,-0.22,74.61,3.03,0.55,40.0,117.0,11,autumn,0,2016-11-01
2016,335,2.7713,2.0801,1.03,75.21,3.18,0.08,40.0,117.0,11,autumn,0,2016-11-01
2016,336,6.3384,2.6558,0.67,50.76,3.22,0.0,40.0,117.0,12,winter,1,2016-12-01
2016,337,6.6125,2.7797,1.1,58.34,2.05,0.0,40.0,117.0,12,winter,1,2016-12-01
2016,338,3.3072,2.1802,0.89,76.57,1.69,0.01,40.0,117.0,12,winter,0,2016-12-01
2016,339,0.3062,1.4004,1.3,72.64,2.92,0.0,40.0,117.0,12,winter,0,2016-12-01
2016,340,5.676,2.5339,0.27,51.49,3.33,0.0,40.0,117.0,12,winter,1,2016-12-01
2016,341,5.6498,2.4758,-0.57,54.5,1.84,0.0,40.0,117.0,12,winter,1,2016-12-01
2016,342,6.4896,2.6652,1.26,61.35,2.16,0.0,40.0,117.0,12,winter,1,2016-12-01
2016,343,6.4114,2.5877,0.92,64.34,4.11,0.0,40.0,117.0,12,winter,1,2016-12-01
2016,344,6.6005,2.6791,-1.33,49.78,2.44,0.0,40.0,117.0,12,winter,1,2016-12-01
2016,345,6.5573,2.6314,-1.43,45.59,1.89,0.0,40.0,117.0,12,winter,1,2016-12-01
2016,346,1.6757,1.5854,-1.61,64.74,1.98,0.0,40.0,117.0,12,winter,0,2016-12-01
2016,347,1.9462,1.4453,0.3,73.53,2.18,0.0,40.0,117.0,12,winter,0,2016-12-01
2016,348,4.7448,2.285,-1.29,52.89,2.29,0.0,40.0,117.0,12,winter,0,2016-12-01
2016,349,6.9554,2.6162,-5.0,56.4,2.62,0.0,40.0,117.0,12,winter,1,2016-12-01
2016,350,7.452,2.7154,-3.06,55.28,3.35,0.0,40.0,117.0,12,winter,1,2016-12-01
2016,351,1.237,1.8566,-2.07,56.81,2.28,0.0,40.0,117.0,12,winter,0,2016-12-01
2016,352,3.2455,2.0803,-0.37,68.85,2.53,0.0,40.0,117.0,12,winter,0,2016-12-01
2016,353,4.039,2.2188,0.89,67.5,1.62,0.0,40.0,117.0,12,winter,0,2016-12-01
2016,354,4.9013,2.3486,2.09,56.1,1.28,0.0,40.0,117.0,12,winter,1,2016-12-01
2016,355,0.8635,1.6433,1.02,60.82,1.57,0.01,40.0,117.0,12,winter,0,2016-12-01
2016,356,0.276,1.0572,0.16,72.9,1.59,0.04,40.0,117.0,12,winter,0,2016-12-01
2016,357,6.2604,2.5255,-0.69,56.51,3.75,0.0,40.0,117.0,12,winter,1,2016-12-01
2016,358,7.0277,2.646,-3.9,55.74,2.47,0.0,40.0,117.0,12,winter,1,2016-12-01
2016,359,2.4012,1.6082,-2.65,65.92,2.18,0.0,40.0,117.0,12,winter,0,2016-12-01
2016,360,0.2578,1.1304,-1.79,73.54,1.23,0.03,40.0,117.0,12,winter,0,2016-12-01
2016,361,0.6569,1.7309,-2.02,62.41,2.15,0.91,40.0,117.0,12,winter,0,2016-12-01
2016,362,7.5379,2.7418,-4.69,55.02,2.52,0.01,40.0,117.0,12,winter,1,2016-12-01
2016,363,4.7342,2.1756,-5.61,61.09,3.43,0.0,40.0,117.0,12,winter,0,2016-12-01
2016,364,7.4578,2.7317,-6.69,55.34,3.09,0.0,40.0,117.0,12,winter,1,2016-12-01
2016,365,3.4596,2.183,-5.53,70.69,1.52,0.0,40.0,117.0,12,winter,0,2016-12-01
2016,366,4.1674,2.231,-3.62,70.68,1.7,0.0,40.0,117.0,12,winter,0,2016-12-01
2017,1,3.1927,1.9706,-1.92,76.56,1.64,0.2,40.0,117.0,1,winter,0,2017-01-01
2017,2,7.1755,2.7475,-2.24,61.87,3.07,0.0,40.0,117.0,1,winter,1,2017-01-01
2017,3,6.553,2.6431,0.05,64.03,1.61,0.0,40.0,117.0,1,winter,1,2017-01-01
2017,4,4.7158,2.423,-0.32,69.8,2.82,0.03,40.0,117.0,1,winter,0,2017-01-01
2017,5,0.3986,1.3524,-0.31,65.34,2.24,0.0,40.0,117.0,1,winter,0,2017-01-01
2017,6,1.692,1.7465,0.08,69.53,1.05,0.01,40.0,117.0,1,winter,0,2017-01-01
2017,7,0.043,0.7315,-0.67,87.08,1.95,1.58,40.0,117.0,1,winter,0,2017-01-01
2017,8,3.7766,2.2925,-1.01,66.75,3.22,0.0,40.0,117.0,1,winter,0,2017-01-01
2017,9,7.1378,2.8375,-3.47,56.5,3.8,0.0,40.0,117.0,1,winter,1,2017-01-01
2017,10,7.3061,2.8776,-3.91,45.15,3.24,0.0,40.0,117.0,1,winter,1,2017-01-01
2017,11,6.8887,2.8284,-2.59,47.0,2.81,0.0,40.0,117.0,1,winter,1,2017-01-01
2017,12,6.7426,2.7994,-2.99,52.04,3.61,0.0,40.0,117.0,1,winter,1,2017-01-01
2017,13,7.8478,3.0226,-5.18,45.65,4.3,0.0,40.0,117.0,1,winter,1,2017-01-01
2017,14,7.9147,3.0091,-6.73,54.6,3.04,0.0,40.0,117.0,1,winter,1,2017-01-01
2017,15,0.7656,1.6034,-6.14,76.4,2.15,0.0,40.0,117.0,1,winter,0,2017-01-01
2017,16,0.1258,1.0181,-5.17,72.69,2.06,0.0,40.0,117.0,1,winter,0,2017-01-01
2017,17,1.6567,1.681,-4.5,70.33,2.18,0.0,40.0,117.0,1,winter,0,2017-01-01
2017,18,6.0043,2.9436,-5.14,54.97,2.73,0.0,40.0,117.0,1,winter,1,2017-01-01
2017,19,3.0082,2.0045,-5.83,57.0,6.43,1.73,40.0,117.0,1,winter,0,2017-01-01
2017,20,7.5043,3.1366,-8.84,48.28,3.1,0.0,40.0,117.0,1,winter,1,2017-01-01
2017,21,7.7141,3.1178,-7.81,50.17,4.93,0.0,40.0,117.0,1,winter,1,2017-01-01
2017,22,6.4846,3.0396,-7.84,46.01,2.34,0.0,40.0,117.0,1,winter,1,2017-01-01
2017,23,5.5354,2.7761,-6.83,46.38,2.05,0.0,40.0,117.0,1,winter,1,2017-01-01
2017,24,5.2786,2.8579,-5.06,50.86,2.25,0.0,40.0,117.0,1,winter,1,2017-01-01
2017,25,2.8118,2.3069,-3.2,63.61,1.83,0.0,40.0,117.0,1,winter,0,2017-01-01
2017,26,1.0862,1.4004,-2.13,64.63,3.52,0.0,40.0,117.0,1,winter,0,2017-01-01
2017,27,6.9091,3.2666,-3.44,50.73,3.67,0.0,40.0,117.0,1,winter,1,2017-01-01
2017,28,0.276,1.489,-2.83,75.05,2.1,0.0,40.0,117.0,1,winter,0,2017-01-01
2017,29,1.6961,2.5186,-3.69,46.25,4.82,0.0,40.0,117.0,1,winter,0,2017-01-01
2017,30,8.1137,3.5474,-6.95,44.61,3.79,0.0,40.0,117.0,1,winter,1,2017-01-01
2017,31,5.6894,3.2016,-2.89,48.56,2.91,0.0,40.0,117.0,1,winter,1,2017-01-01
2017,32,8.8735,3.7145,-4.69,43.51,3.23,0.0,40.0,117.0,2,winter,1,2017-02-01
2017,33,6.9823,3.467,-2.4,49.05,1.69,0.0,40.0,117.0,2,winter,1,2017-02-01
2017,34,3.1879,2.7871,-0.13,57.02,1.74,0.0,40.0,117.0,2,winter,0,2017-02-01
2017,35,3.1903,2.8526,1.66,69.71,1.88,0.0,40.0,117.0,2,winter,0,2017-02-01
2017,36,7.9258,3.7447,0.64,47.0,4.87,0.0,40.0,117.0,2,winter,1,2017-02-01
2017,37,7.853,3.7884,-0.85,47.27,2.75,0.0,40.0,117.0,2,winter,1,2017-02-01
2017,38,0.2539,1.4786,-0.78,52.37,1.22,0.0,40.0,117.0,2,winter,0,2017-02-01
2017,39,7.9046,3.8647,-2.0,42.61,5.09,0.0,40.0,117.0,2,winter,1,2017-02-01
2017,40,8.9508,4.0457,-4.63,38.98,5.95,0.0,40.0,117.0,2,winter,1,2017-02-01
2017,41,9.1687,4.1491,-3.79,40.87,4.83,0.0,40.0,117.0,2,winter,1,2017-02-01
2017,42,8.9494,4.1009,-1.67,44.08,3.04,0.0,40.0,117.0,2,winter,1,2017-02-01
2017,43,6.3062,3.7109,0.26,48.84,2.77,0.0,40.0,117.0,2,winter,1,2017-02-01
2017,44,8.513,4.1594,0.95,58.47,3.08,0.0,40.0,117.0,2,winter,1,2017-02-01
2017,45,2.269,2.8738,0.03,71.88,1.78,0.0,40.0,117.0,2,winter,0,2017-02-01
2017,46,2.3942,2.8123,2.39,63.07,1.97,0.0,40.0,117.0,2,winter,0,2017-02-01
2017,47,0.1718,1.7695,2.0,49.08,4.88,0.1,40.0,117.0,2,winter,0,2017-02-01
2017,48,9.6269,4.4534,-1.37,39.55,3.25,0.11,40.0,117.0,2,winter,1,2017-02-01
2017,49,6.343,3.9749,0.34,53.34,2.7,0.0,40.0,117.0,2,winter,1,2017-02-01
2017,50,2.1797,3.0341,2.64,54.69,4.81,0.0,40.0,117.0,2,winter,0,2017-02-01
2017,51,7.4496,4.3721,-1.63,34.77,4.36,0.0,40.0,117.0,2,winter,1,2017-02-01
2017,52,0.1116,1.5996,-2.05,65.58,3.11,5.55,40.0,117.0,2,winter,0,2017-02-01
2017,53,1.9723,3.2755,-0.41,64.43,4.04,0.06,40.0,117.0,2,winter,0,2017-02-01
2017,54,8.9249,4.6606,-0.27,49.78,3.56,0.0,40.0,117.0,2,winter,1,2017-02-01
2017,55,9.0506,4.7426,1.58,45.97,3.87,0.0,40.0,117.0,2,winter,1,2017-02-01
2017,56,7.3714,4.2571,3.12,49.52,3.9,0.0,40.0,117.0,2,winter,1,2017-02-01
2017,57,8.1564,4.638,3.31,53.37,3.01,0.0,40.0,117.0,2,winter,1,2017-02-01
2017,58,6.6595,4.3718,4.95,51.16,2.35,0.0,40.0,117.0,2,winter,1,2017-02-01
2017,59,7.4194,4.6582,5.69,42.7,4.05,0.0,40.0,117.0,2,winter,1,2017-02-01
2017,60,8.5836,4.9334,1.6,41.11,5.48,0.16,40.0,117.0,2,winter,1,2017-02-01
2017,61,7.9843,4.7162,3.09,43.07,4.49,0.0,40.0,117.0,3,spring,1,2017-03-01
2017,62,7.3025,4.8002,4.37,54.05,3.41,0.0,40.0,117.0,3,spring,1,2017-03-01
2017,63,5.3791,4.3267,3.91,48.29,2.34,0.0,40.0,117.0,3,spring,1,2017-03-01
2017,64,5.653,4.2502,2.78,41.23,4.12,0.0,40.0,117.0,3,spring,1,2017-03-01
2017,65,4.8118,4.1239,1.83,35.29,4.05,0.0,40.0,117.0,3,spring,1,2017-03-01
2017,66,9.9415,5.4305,-0.01,36.13,4.9,0.0,40.0,117.0,3,spring,1,2017-03-01
2017,67,9.2006,5.3904,3.48,38.41,4.57,0.0,40.0,117.0,3,spring,1,2017-03-01
2017,68,9.1591,5.3652,6.33,35.55,3.84,0.0,40.0,117.0,3,spring,1,2017-03-01
2017,69,9.1046,5.5006,7.61,38.51,4.01,0.0,40.0,117.0,3,spring,1,2017-03-01
2017,70,2.2354,4.1491,9.72,39.31,2.91,0.0,40.0,117.0,3,spring,0,2017-03-01
2017,71,9.9118,5.6273,4.71,38.28,4.39,0.0,40.0,117.0,3,spring,1,2017-03-01
2017,72,9.4291,5.587,5.05,38.62,2.63,0.0,40.0,117.0,3,spring,1,2017-03-01
2017,73,9.0756,5.5145,6.17,41.74,3.32,0.0,40.0,117.0,3,spring,1,2017-03-01
2017,74,6.4776,5.0494,4.78,57.42,3.13,0.0,40.0,117.0,3,spring,1,2017-03-01
2017,75,2.0616,3.7634,6.57,55.25,3.24,0.0,40.0,117.0,3,spring,0,2017-03-01
2017,76,1.0769,3.1097,7.43,63.01,2.41,0.0,40.0,117.0,3,spring,0,2017-03-01
2017,77,7.1534,5.3599,9.43,55.13,2.99,0.0,40.0,117.0,3,spring,1,2017-03-01
2017,78,1.6284,3.3523,9.21,63.22,2.77,0.0,40.0,117.0,3,spring,0,2017-03-01
2017,79,0.1356,1.3505,7.04,56.34,3.54,0.35,40.0,117.0,3,spring,0,2017-03-01
2017,80,8.4156,5.8944,7.32,53.75,2.36,0.05,40.0,117.0,3,spring,1,2017-03-01
2017,81,0.8561,3.491,6.52,60.26,2.47,0.12,40.0,117.0,3,spring,0,2017-03-01
2017,82,0.1027,1.776,6.32,60.36,3.46,3.14,40.0,117.0,3,spring,0,2017-03-01
2017,83,0.0876,1.655,2.63,81.81,1.92,7.02,40.0,117.0,3,spring,0,2017-03-01
2017,84,1.5257,3.4973,6.29,64.37,1.66,0.03,40.0,117.0,3,spring,0,2017-03-01
2017,85,2.7552,4.2547,6.88,43.67,4.57,0.0,40.0,117.0,3,spring,0,2017-03-01
2017,86,7.4906,6.0314,7.03,41.59,3.21,0.0,40.0,117.0,3,spring,1,2017-03-01
2017,87,8.5054,6.1985,7.97,52.25,2.66,0.04,40.0,117.0,3,spring,1,2017-03-01
2017,88,7.2912,6.013,10.17,54.96,3.3,0.0,40.0,117.0,3,spring,1,2017-03-01
2017,89,1.3471,3.6463,11.1,46.48,3.93,0.0,40.0,117.0,3,spring,0,2017-03-01
2017,90,6.4486,5.7862,10.6,40.46,2.67,0.0,40.0,117.0,3,spring,1,2017-03-01
2017,91,6.8971,5.9938,11.62,37.24,3.7,0.0,40.0,117.0,3,spring,1,2017-03-01
2017,92,7.2943,6.0684,12.52,41.04,2.51,0.0,40.0,117.0,4,spring,1,2017-04-01
2017,93,5.4017,5.5913,14.13,47.96,3.38,0.0,40.0,117.0,4,spring,1,2017-04-01
2017,94,0.0624,2.7948,12.96,70.95,2.84,0.16,40.0,117.0,4,spring,0,2017-04-01
2017,95,1.6668,3.6905,13.28,71.91,2.66,0.88,40.0,117.0,4,spring,0,2017-04-01
2017,96,6.5414,6.1718,14.92,63.54,2.75,0.0,40.0,117.0,4,spring,1,2017-04-01
2017,97,0.1514,2.7686,14.6,62.7,3.23,0.0,40.0,117.0,4,spring,0,2017-04-01
2017,98,0.3576,3.8383,13.92,42.73,4.04,0.03,40.0,117.0,4,spring,0,2017-04-01
2017,99,5.0443,5.9086,12.38,36.75,3.04,0.01,40.0,117.0,4,spring,1,2017-04-01
2017,100,2.1098,4.8367,11.0,51.31,2.89,0.0,40.0,117.0,4,spring,0,2017-04-01
2017,101,8.2082,6.8846,13.0,32.96,4.91,0.0,40.0,117.0,4,spring,1,2017-04-01
2017,102,8.2351,6.4414,15.04,29.74,3.89,0.0,40.0,117.0,4,spring,1,2017-04-01
2017,103,6.1414,6.1802,12.42,47.94,3.1,0.0,40.0,117.0,4,spring,1,2017-04-01
2017,104,7.8574,6.5378,17.51,45.01,3.11,0.0,40.0,117.0,4,spring,1,2017-04-01
2017,105,8.6935,6.8537,20.42,27.54,4.09,0.0,40.0,117.0,4,spring,1,2017-04-01
2017,106,0.6794,4.4335,17.4,45.38,3.49,0.0,40.0,117.0,4,spring,0,2017-04-01
2017,107,4.6625,5.4026,18.45,42.59,4.13,0.0,40.0,117.0,4,spring,0,2017-04-01
2017,108,11.5363,7.6394,14.69,25.7,5.83,0.0,40.0,117.0,4,spring,1,2017-04-01
2017,109,0.168,2.664,12.15,42.79,3.0,0.0,40.0,117.0,4,spring,0,2017-04-01
2017,110,4.62,5.9633,14.49,29.44,4.26,0.0,40.0,117.0,4,spring,0,2017-04-01
2017,111,7.4633,6.6538,15.17,34.63,3.35,0.0,40.0,117.0,4,spring,1,2017-04-01
2017,112,8.4127,7.1986,17.22,24.83,5.66,0.0,40.0,117.0,4,spring,1,2017-04-01
2017,113,9.6578,7.5276,16.88,30.33,4.08,0.01,40.0,117.0,4,spring,1,2017-04-01
2017,114,11.1067,7.8406,15.91,26.48,5.74,0.0,40.0,117.0,4,spring,1,2017-04-01
2017,115,4.7042,5.8589,13.74,25.57,3.39,0.0,40.0,117.0,4,spring,0,2017-04-01
2017,116,10.3992,7.685,15.11,26.83,4.58,0.0,40.0,117.0,4,spring,1,2017-04-01
2017,117,8.4113,7.3037,19.03,20.66,5.41,0.0,40.0,117.0,4,spring,1,2017-04-01
2017,118,9.8258,7.6188,21.96,23.81,4.62,0.0,40.0,117.0,4,spring,1,2017-04-01
2017,119,8.939,7.6044,24.97,23.67,4.58,0.0,40.0,117.0,4,spring,1,2017-04-01
2017,120,7.4945,7.2367,22.44,18.76,4.4,0.0,40.0,117.0,4,spring,1,2017-04-01
2017,121,7.9044,7.3555,20.68,24.29,3.21,0.0,40.0,117.0,4,spring,1,2017-04-01
2017,122,4.0382,6.0295,22.21,30.93,3.82,0.0,40.0,117.0,5,spring,0,2017-05-01
2017,123,0.4699,3.979,20.35,46.34,4.13,3.09,40.0,117.0,5,spring,0,2017-05-01
2017,124,0.5573,5.0179,19.24,35.44,3.21,0.26,40.0,117.0,5,spring,0,2017-05-01
2017,125,6.7498,6.6161,15.43,23.92,6.68,0.56,40.0,117.0,5,spring,1,2017-05-01
2017,126,11.2114,8.1758,19.68,23.77,4.93,0.04,40.0,117.0,5,spring,1,2017-05-01
2017,127,10.9915,8.1874,22.53,22.51,4.16,0.0,40.0,117.0,5,spring,1,2017-05-01
2017,128,1.6183,5.6654,22.54,27.5,2.32,0.0,40.0,117.0,5,spring,0,2017-05-01
2017,129,6.2695,7.0452,20.93,41.42,5.71,0.3,40.0,117.0,5,spring,1,2017-05-01
2017,130,7.1021,7.1198,22.14,40.09,2.89,0.03,40.0,117.0,5,spring,1,2017-05-01
2017,131,11.0162,8.3059,22.82,14.72,6.51,0.0,40.0,117.0,5,spring,1,2017-05-01
2017,132,8.3105,7.4153,21.49,15.12,5.95,0.0,40.0,117.0,5,spring,1,2017-05-01
2017,133,10.4822,8.0988,20.45,21.39,5.92,0.0,40.0,117.0,5,spring,1,2017-05-01
2017,134,10.0166,8.1614,21.51,25.08,3.11,0.0,40.0,117.0,5,spring,1,2017-05-01
2017,135,11.0285,8.3054,21.55,21.64,3.05,0.0,40.0,117.0,5,spring,1,2017-05-01
2017,136,5.6971,6.9041,23.74,26.83,3.32,0.0,40.0,117.0,5,spring,1,2017-05-01
2017,137,9.486,7.8835,24.74,36.67,3.05,0.0,40.0,117.0,5,spring,1,2017-05-01
2017,138,8.8949,7.7578,27.22,35.68,3.35,0.0,40.0,117.0,5,spring,1,2017-05-01
2017,139,5.947,6.9509,27.84,39.16,3.38,0.0,40.0,117.0,5,spring,1,2017-05-01
2017,140,7.3092,7.3949,28.19,35.27,4.17,0.01,40.0,117.0,5,spring,1,2017-05-01
2017,141,5.1408,6.9139,25.23,37.45,4.93,0.25,40.0,117.0,5,spring,1,2017-05-01
2017,142,0.0422,1.2571,17.66,70.62,4.53,22.78,40.0,117.0,5,spring,0,2017-05-01
2017,143,11.3131,8.4202,21.9,40.8,1.73,0.0,40.0,117.0,5,spring,1,2017-05-01
2017,144,9.3941,7.9702,25.14,29.18,3.82,0.0,40.0,117.0,5,spring,1,2017-05-01
2017,145,9.5801,8.0424,23.67,29.59,5.1,0.0,40.0,117.0,5,spring,1,2017-05-01
2017,146,9.359,8.0642,21.65,40.6,2.94,0.0,40.0,117.0,5,spring,1,2017-05-01
2017,147,8.2195,7.7568,24.02,39.9,3.5,0.0,40.0,117.0,5,spring,1,2017-05-01
2017,148,7.2338,7.5348,28.19,42.11,4.39,0.17,40.0,117.0,5,spring,1,2017-05-01
2017,149,0.4392,3.6254,21.68,45.97,4.13,2.8,40.0,117.0,5,spring,0,2017-05-01
2017,150,3.4687,5.9052,21.52,66.28,1.9,0.43,40.0,117.0,5,spring,0,2017-05-01
2017,151,6.4507,6.9775,25.2,51.95,3.91,0.03,40.0,117.0,5,spring,1,2017-05-01
2017,152,11.2351,8.7127,24.56,35.02,3.04,0.0,40.0,117.0,5,spring,1,2017-05-01
2017,153,2.8224,4.6766,18.93,49.21,4.89,1.76,40.0,117.0,6,summer,0,2017-06-01
2017,154,8.5522,7.8907,21.13,41.06,2.38,0.0,40.0,117.0,6,summer,1,2017-06-01
2017,155,9.5585,8.2764,23.98,31.79,2.51,0.0,40.0,117.0,6,summer,1,2017-06-01
2017,156,2.0167,5.0014,23.79,36.37,3.19,0.12,40.0,117.0,6,summer,0,2017-06-01
2017,157,0.2326,1.5674,18.23,64.19,2.86,5.11,40.0,117.0,6,summer,0,2017-06-01
2017,158,9.7006,8.2121,22.64,49.57,2.24,0.01,40.0,117.0,6,summer,1,2017-06-01
2017,159,4.3769,6.0086,27.61,27.68,2.56,0.11,40.0,117.0,6,summer,0,2017-06-01
2017,160,9.6941,8.4876,29.48,26.56,3.13,0.08,40.0,117.0,6,summer,1,2017-06-01
2017,161,3.9228,6.9456,24.15,25.39,3.2,0.0,40.0,117.0,6,summer,0,2017-06-01
2017,162,3.4553,6.3091,24.77,24.92,3.18,0.35,40.0,117.0,6,summer,0,2017-06-01
2017,163,1.5401,4.0106,23.34,37.1,4.84,0.1,40.0,117.0,6,summer,0,2017-06-01
2017,164,5.629,6.7361,23.3,47.04,2.05,4.58,40.0,117.0,6,summer,1,2017-06-01
2017,165,10.2653,8.4967,27.68,35.77,3.1,0.0,40.0,117.0,6,summer,1,2017-06-01
2017,166,6.031,7.4508,31.82,25.29,3.32,0.0,40.0,117.0,6,summer,1,2017-06-01
2017,167,4.698,6.9814,31.41,26.54,4.88,0.0,40.0,117.0,6,summer,0,2017-06-01
2017,168,1.1712,4.811,30.35,28.36,4.34,0.02,40.0,117.0,6,summer,0,2017-06-01
2017,169,2.3438,5.215,28.98,38.0,4.06,3.45,40.0,117.0,6,summer,0,2017-06-01
2017,170,5.6198,6.8407,28.8,40.37,3.48,0.71,40.0,117.0,6,summer,1,2017-06-01
2017,171,7.6296,7.177,28.02,46.35,2.88,1.62,40.0,117.0,6,summer,1,2017-06-01
2017,172,2.9702,6.2069,24.09,65.04,2.44,6.11,40.0,117.0,6,summer,0,2017-06-01
2017,173,0.0096,1.4359,20.89,79.12,5.04,36.9,40.0,117.0,6,summer,0,2017-06-01
2017,174,0.0365,1.5682,21.0,83.76,4.95,28.59,40.0,117.0,6,summer,0,2017-06-01
2017,175,0.5834,3.2875,21.75,74.37,3.38,4.44,40.0,117.0,6,summer,0,2017-06-01
2017,176,3.7116,6.1188,25.15,61.91,1.45,0.43,40.0,117.0,6,summer,0,2017-06-01
2017,177,4.8322,6.7646,27.56,51.23,2.07,0.0,40.0,117.0,6,summer,1,2017-06-01
2017,178,5.6734,7.1914,27.39,59.88,3.35,0.03,40.0,117.0,6,summer,1,2017-06-01
2017,179,2.4835,5.7062,25.99,63.41,2.43,2.35,40.0,117.0,6,summer,0,2017-06-01
2017,180,3.2208,6.0607,28.5,61.0,3.48,0.2,40.0,117.0,6,summer,0,2017-06-01
2017,181,3.3934,6.0866,29.03,64.84,2.13,3.12,40.0,117.0,6,summer,0,2017-06-01
2017,182,2.6974,5.5289,30.14,57.07,3.03,0.13,40.0,117.0,6,summer,0,2017-06-01
2017,183,0.5868,3.9182,28.99,55.17,3.37,0.53,40.0,117.0,7,summer,0,2017-07-01
2017,184,0.911,4.1758,28.58,58.49,2.41,1.58,40.0,117.0,7,summer,0,2017-07-01
2017,185,0.0514,2.328,26.46,69.62,1.73,17.08,40.0,117.0,7,summer,0,2017-07-01
2017,186,0.4291,3.8446,28.31,69.28,2.12,3.38,40.0,117.0,7,summer,0,2017-07-01
2017,187,0.0439,1.7054,25.44,81.36,4.09,27.49,40.0,117.0,7,summer,0,2017-07-01
2017,188,7.4237,7.6354,26.72,75.29,3.23,16.62,40.0,117.0,7,summer,1,2017-07-01
2017,189,6.9646,7.4563,27.14,76.4,1.64,5.17,40.0,117.0,7,summer,1,2017-07-01
2017,190,5.9904,6.9574,29.44,66.84,2.34,3.07,40.0,117.0,7,summer,1,2017-07-01
2017,191,11.3477,8.5387,29.43,55.94,2.07,1.21,40.0,117.0,7,summer,1,2017-07-01
2017,192,4.3625,6.2599,29.01,49.42,1.79,0.0,40.0,117.0,7,summer,0,2017-07-01
2017,193,5.7809,6.9478,30.97,58.1,2.89,0.0,40.0,117.0,7,summer,1,2017-07-01
2017,194,3.0377,5.718,31.45,63.62,3.22,0.17,40.0,117.0,7,summer,0,2017-07-01
2017,195,1.986,4.7638,30.25,69.71,1.73,1.6,40.0,117.0,7,summer,0,2017-07-01
2017,196,0.8359,4.5305,28.21,74.04,2.38,3.48,40.0,117.0,7,summer,0,2017-07-01
2017,197,5.2694,6.7063,29.81,66.43,1.95,0.03,40.0,117.0,7,summer,1,2017-07-01
2017,198,3.0473,5.051,29.39,65.95,1.71,0.02,40.0,117.0,7,summer,0,2017-07-01
2017,199,2.0734,4.7998,29.24,70.34,2.31,2.34,40.0,117.0,7,summer,0,2017-07-01
2017,200,0.6811,3.996,29.95,70.82,2.0,1.92,40.0,117.0,7,summer,0,2017-07-01
2017,201,0.2088,2.8538,31.27,70.04,2.75,0.28,40.0,117.0,7,summer,0,2017-07-01
2017,202,0.6516,2.8099,25.41,71.22,4.84,10.34,40.0,117.0,7,summer,0,2017-07-01
2017,203,0.0497,1.9462,25.12,75.7,1.94,3.23,40.0,117.0,7,summer,0,2017-07-01
2017,204,0.7819,3.468,27.77,65.53,1.1,0.04,40.0,117.0,7,summer,0,2017-07-01
2017,205,0.1003,1.8266,28.17,63.39,2.49,0.32,40.0,117.0,7,summer,0,2017-07-01
2017,206,1.787,4.9999,28.17,54.31,2.78,1.06,40.0,117.0,7,summer,0,2017-07-01
2017,207,0.3214,2.1631,22.35,72.36,1.88,6.81,40.0,117.0,7,summer,0,2017-07-01
2017,208,2.5826,5.3638,25.42,63.99,1.69,0.0,40.0,117.0,7,summer,0,2017-07-01
2017,209,1.6507,5.5771,26.7,50.8,2.3,0.02,40.0,117.0,7,summer,0,2017-07-01
2017,210,1.5475,5.5207,26.68,51.76,2.97,0.0,40.0,117.0,7,summer,0,2017-07-01
2017,211,7.5706,7.2216,26.01,55.53,2.23,0.0,40.0,117.0,7,summer,1,2017-07-01
2017,212,7.6778,7.2598,27.65,62.35,2.32,0.0,40.0,117.0,7,summer,1,2017-07-01
2017,213,0.9166,4.7719,28.73,68.63,2.75,0.03,40.0,117.0,7,summer,0,2017-07-01
2017,214,0.6847,3.5434,28.18,76.31,2.55,31.95,40.0,117.0,8,summer,0,2017-08-01
2017,215,4.8794,6.1006,29.14,78.46,2.74,17.9,40.0,117.0,8,summer,1,2017-08-01
2017,216,7.657,7.1297,30.22,67.48,1.45,0.02,40.0,117.0,8,summer,1,2017-08-01
2017,217,4.1674,5.5409,29.9,63.27,1.57,7.36,40.0,117.0,8,summer,0,2017-08-01
2017,218,7.3378,6.6938,29.33,62.47,2.09,1.82,40.0,117.0,8,summer,1,2017-08-01
2017,219,9.1027,7.32,28.29,52.61,3.23,0.02,40.0,117.0,8,summer,1,2017-08-01
2017,220,4.5108,5.988,28.15,61.84,2.35,3.13,40.0,117.0,8,summer,0,2017-08-01
2017,221,0.5045,3.8038,25.37,75.59,1.7,16.26,40.0,117.0,8,summer,0,2017-08-01
2017,222,3.8837,5.4914,26.7,69.5,2.51,0.08,40.0,117.0,8,summer,0,2017-08-01
2017,223,0.5136,2.7761,26.69,76.72,2.72,2.25,40.0,117.0,8,summer,0,2017-08-01
2017,224,0.0648,1.6248,26.01,89.52,3.04,19.07,40.0,117.0,8,summer,0,2017-08-01
2017,225,0.63,3.6749,25.21,85.24,2.25,7.74,40.0,117.0,8,summer,0,2017-08-01
2017,226,4.0934,5.6614,25.48,78.35,2.06,0.49,40.0,117.0,8,summer,0,2017-08-01
2017,227,2.437,4.9442,26.01,75.4,1.64,0.71,40.0,117.0,8,summer,0,2017-08-01
2017,228,0.4723,3.0024,25.94,78.72,1.6,17.36,40.0,117.0,8,summer,0,2017-08-01
2017,229,5.9952,6.0456,25.4,74.15,2.63,0.3,40.0,117.0,8,summer,1,2017-08-01
2017,230,2.4101,4.6262,24.45,83.59,2.09,12.23,40.0,117.0,8,summer,0,2017-08-01
2017,231,1.4472,4.1086,25.0,79.89,2.22,9.33,40.0,117.0,8,summer,0,2017-08-01
2017,232,3.7894,5.1358,25.17,80.06,1.7,5.33,40.0,117.0,8,summer,0,2017-08-01
2017,233,4.529,5.7434,26.61,80.1,1.99,0.52,40.0,117.0,8,summer,0,2017-08-01
2017,234,0.2923,1.8554,26.55,85.44,2.46,23.66,40.0,117.0,8,summer,0,2017-08-01
2017,235,3.2551,4.3891,26.43,84.17,2.67,9.51,40.0,117.0,8,summer,0,2017-08-01
2017,236,8.863,7.0034,24.43,60.17,3.31,0.0,40.0,117.0,8,summer,1,2017-08-01
2017,237,9.1714,7.0759,22.08,54.02,3.96,0.0,40.0,117.0,8,summer,1,2017-08-01
2017,238,4.4292,5.5687,21.72,54.08,2.59,0.0,40.0,117.0,8,summer,0,2017-08-01
2017,239,0.2813,0.9454,18.77,86.36,2.44,24.18,40.0,117.0,8,summer,0,2017-08-01
2017,240,4.3085,5.6938,20.63,73.24,2.63,0.94,40.0,117.0,8,summer,0,2017-08-01
2017,241,8.8169,6.8472,18.59,60.05,3.04,0.0,40.0,117.0,8,summer,1,2017-08-01
2017,242,7.933,6.4114,20.41,79.89,1.89,0.0,40.0,117.0,8,summer,1,2017-08-01
2017,243,2.9789,4.2079,21.79,80.6,2.38,0.92,40.0,117.0,8,summer,0,2017-08-01
2017,244,3.2683,4.9469,22.04,77.16,1.97,0.56,40.0,117.0,8,summer,0,2017-08-01
2017,245,1.2979,3.6242,22.31,76.39,2.04,0.1,40.0,117.0,9,autumn,0,2017-09-01
2017,246,2.9431,4.5362,21.66,74.11,2.71,0.18,40.0,117.0,9,autumn,0,2017-09-01
2017,247,1.1755,3.7238,22.25,72.46,2.68,1.04,40.0,117.0,9,autumn,0,2017-09-01
2017,248,6.4075,5.8824,22.99,61.49,2.55,0.51,40.0,117.0,9,autumn,1,2017-09-01
2017,249,9.3881,6.5885,23.26,49.0,2.61,0.0,40.0,117.0,9,autumn,1,2017-09-01
2017,250,9.163,6.3506,23.83,54.23,1.88,0.0,40.0,117.0,9,autumn,1,2017-09-01
2017,251,6.6425,5.6868,24.69,68.98,2.95,0.0,40.0,117.0,9,autumn,1,2017-09-01
2017,252,2.8946,4.2773,24.22,68.73,3.09,0.09,40.0,117.0,9,autumn,0,2017-09-01
2017,253,0.7092,2.1566,23.29,77.79,2.36,3.77,40.0,117.0,9,autumn,0,2017-09-01
2017,254,9.7918,6.4685,21.6,47.62,3.23,0.0,40.0,117.0,9,autumn,1,2017-09-01
2017,255,8.7554,6.084,22.18,46.14,2.16,0.0,40.0,117.0,9,autumn,1,2017-09-01
2017,256,2.4698,4.2024,23.74,67.78,2.38,0.0,40.0,117.0,9,autumn,0,2017-09-01
2017,257,1.2571,4.049,23.7,66.64,3.0,0.0,40.0,117.0,9,autumn,0,2017-09-01
2017,258,0.4498,2.094,23.28,62.16,2.32,0.15,40.0,117.0,9,autumn,0,2017-09-01
2017,259,1.1918,3.3679,22.39,69.38,2.38,0.0,40.0,117.0,9,autumn,0,2017-09-01
2017,260,10.2199,6.2501,20.61,40.78,3.21,0.0,40.0,117.0,9,autumn,1,2017-09-01
2017,261,8.0467,5.6275,22.73,41.9,2.64,0.0,40.0,117.0,9,autumn,1,2017-09-01
2017,262,9.2232,5.9506,21.74,37.35,4.28,0.0,40.0,117.0,9,autumn,1,2017-09-01
2017,263,8.9124,5.8584,19.67,44.4,2.7,0.0,40.0,117.0,9,autumn,1,2017-09-01
2017,264,4.2518,4.6013,21.15,66.13,2.72,0.25,40.0,117.0,9,autumn,0,2017-09-01
2017,265,7.7657,5.7348,20.59,43.11,3.77,0.36,40.0,117.0,9,autumn,1,2017-09-01
2017,266,5.1821,4.9332,19.75,48.12,2.96,0.0,40.0,117.0,9,autumn,1,2017-09-01
2017,267,6.0307,5.0839,24.1,53.17,3.26,0.0,40.0,117.0,9,autumn,1,2017-09-01
2017,268,1.0291,2.651,23.01,59.55,3.31,0.26,40.0,117.0,9,autumn,0,2017-09-01
2017,269,0.4018,1.2252,18.71,69.63,4.6,0.47,40.0,117.0,9,autumn,0,2017-09-01
2017,270,3.2794,3.2057,15.98,51.66,2.67,0.03,40.0,117.0,9,autumn,0,2017-09-01
2017,271,10.2936,5.8135,14.01,33.87,3.78,0.0,40.0,117.0,9,autumn,1,2017-09-01
2017,272,8.3808,5.4122,16.02,40.44,1.98,0.0,40.0,117.0,9,autumn,1,2017-09-01
2017,273,3.2993,3.7745,18.9,56.51,3.44,0.0,40.0,117.0,9,autumn,0,2017-09-01
2017,274,5.1538,4.632,20.72,53.93,3.71,0.69,40.0,117.0,9,autumn,1,2017-09-01
2017,275,0.2206,0.9989,13.63,52.83,3.01,0.41,40.0,117.0,10,autumn,0,2017-10-01
2017,276,4.0018,4.4162,13.34,45.53,2.55,0.0,40.0,117.0,10,autumn,0,2017-10-01
2017,277,7.7153,5.0278,13.78,46.22,3.39,0.0,40.0,117.0,10,autumn,1,2017-10-01
2017,278,6.2626,4.4592,13.76,60.83,3.28,0.0,40.0,117.0,10,autumn,1,2017-10-01
2017,279,5.6513,4.4698,15.7,71.15,3.25,0.0,40.0,117.0,10,autumn,1,2017-10-01
2017,280,0.1615,1.5962,14.61,80.81,1.78,1.14,40.0,117.0,10,autumn,0,2017-10-01
2017,281,0.0667,0.9048,15.53,82.95,1.29,1.97,40.0,117.0,10,autumn,0,2017-10-01
2017,282,0.0312,0.5462,12.04,85.69,4.65,46.07,40.0,117.0,10,autumn,0,2017-10-01
2017,283,0.0434,1.3202,8.77,77.32,3.75,11.15,40.0,117.0,10,autumn,0,2017-10-01
2017,284,4.3358,3.8522,10.58,57.95,1.56,0.0,40.0,117.0,10,autumn,0,2017-10-01
2017,285,1.1359,2.117,9.99,61.85,2.75,0.01,40.0,117.0,10,autumn,0,2017-10-01
2017,286,7.2319,4.5293,11.52,58.57,2.44,0.0,40.0,117.0,10,autumn,1,2017-10-01
2017,287,2.0762,2.5291,10.68,54.2,3.5,0.47,40.0,117.0,10,autumn,0,2017-10-01
2017,288,1.1419,2.2562,11.81,81.1,1.76,0.24,40.0,117.0,10,autumn,0,2017-10-01
2017,289,6.413,4.2266,10.98,51.13,3.27,0.0,40.0,117.0,10,autumn,1,2017-10-01
2017,290,1.2715,2.7912,12.42,80.96,1.49,0.37,40.0,117.0,10,autumn,0,2017-10-01
2017,291,0.1819,0.9828,11.48,90.54,1.47,2.35,40.0,117.0,10,autumn,0,2017-10-01
2017,292,4.8768,3.641,12.08,78.14,1.66,0.01,40.0,117.0,10,autumn,1,2017-10-01
2017,293,3.5309,3.211,12.34,81.85,1.97,0.0,40.0,117.0,10,autumn,0,2017-10-01
2017,294,2.2783,3.2438,11.87,68.63,2.98,1.56,40.0,117.0,10,autumn,0,2017-10-01
2017,295,0.4733,1.6289,10.4,63.14,2.42,0.37,40.0,117.0,10,autumn,0,2017-10-01
2017,296,6.8554,3.9334,9.67,60.38,2.15,0.0,40.0,117.0,10,autumn,1,2017-10-01
2017,297,6.359,3.8635,10.07,69.32,2.46,0.0,40.0,117.0,10,autumn,1,2017-10-01
2017,298,0.2314,1.6524,10.47,76.79,1.64,0.02,40.0,117.0,10,autumn,0,2017-10-01
2017,299,0.7267,1.7966,11.91,84.96,1.13,0.05,40.0,117.0,10,autumn,0,2017-10-01
2017,300,2.5543,2.6964,11.98,85.34,1.62,0.03,40.0,117.0,10,autumn,0,2017-10-01
2017,301,1.188,2.1118,8.6,53.72,5.09,0.0,40.0,117.0,10,autumn,0,2017-10-01
2017,302,8.9671,4.1633,5.17,44.72,3.76,0.0,40.0,117.0,10,autumn,1,2017-10-01
2017,303,8.2913,3.9113,6.25,49.01,3.67,0.0,40.0,117.0,10,autumn,1,2017-10-01
2017,304,3.3007,3.0655,7.52,59.73,1.57,0.0,40.0,117.0,10,autumn,0,2017-10-01
2017,305,7.2142,3.7913,9.98,50.72,2.69,0.0,40.0,117.0,10,autumn,1,2017-10-01
2017,306,3.4973,2.8428,10.15,60.92,3.05,0.0,40.0,117.0,11,autumn,0,2017-11-01
2017,307,8.52,3.8573,4.84,46.71,3.23,0.01,40.0,117.0,11,autumn,1,2017-11-01
2017,308,7.7796,3.7054,4.38,49.08,2.76,0.0,40.0,117.0,11,autumn,1,2017-11-01
2017,309,4.6346,3.0763,6.57,71.48,1.93,0.0,40.0,117.0,11,autumn,0,2017-11-01
2017,310,3.0096,2.7209,8.25,72.95,1.71,0.0,40.0,117.0,11,autumn,0,2017-11-01
2017,311,5.5106,3.373,9.6,56.75,4.2,0.0,40.0,117.0,11,autumn,1,2017-11-01
2017,312,6.2712,3.3773,6.55,54.42,2.73,0.0,40.0,117.0,11,autumn,1,2017-11-01
2017,313,0.3984,1.4261,7.93,76.54,2.07,0.0,40.0,117.0,11,autumn,0,2017-11-01
2017,314,8.0755,3.5179,5.27,42.21,5.79,0.0,40.0,117.0,11,autumn,1,2017-11-01
2017,315,7.8374,3.4963,1.3,47.86,2.72,0.0,40.0,117.0,11,autumn,1,2017-11-01
2017,316,4.5221,2.8526,3.24,54.61,1.48,0.0,40.0,117.0,11,autumn,0,2017-11-01
2017,317,7.5307,3.3835,3.88,42.63,5.12,0.0,40.0,117.0,11,autumn,1,2017-11-01
2017,318,8.4034,3.4406,-0.14,40.97,4.3,0.0,40.0,117.0,11,autumn,1,2017-11-01
2017,319,8.0926,3.3629,-1.18,41.13,3.0,0.0,40.0,117.0,11,autumn,1,2017-11-01
2017,320,3.9684,2.6405,0.95,45.17,1.86,0.0,40.0,117.0,11,autumn,0,2017-11-01
2017,321,4.5,2.6062,-0.24,40.48,5.78,0.0,40.0,117.0,11,autumn,0,2017-11-01
2017,322,8.0098,3.2657,-2.53,42.01,3.33,0.0,40.0,117.0,11,autumn,1,2017-11-01
2017,323,4.6742,2.6347,-1.06,45.76,2.66,0.0,40.0,117.0,11,autumn,0,2017-11-01
2017,324,7.3699,3.1202,0.24,49.72,2.95,0.0,40.0,117.0,11,autumn,1,2017-11-01
2017,325,3.0979,2.0966,0.19,58.4,2.68,0.0,40.0,117.0,11,autumn,0,2017-11-01
2017,326,5.9933,2.771,0.15,46.75,4.42,0.0,40.0,117.0,11,autumn,1,2017-11-01
2017,327,6.4116,2.9182,-1.22,42.11,4.05,0.0,40.0,117.0,11,autumn,1,2017-11-01
2017,328,6.9974,2.9585,-1.3,46.43,3.93,0.0,40.0,117.0,11,autumn,1,2017-11-01
2017,329,1.3246,1.7856,0.47,56.77,2.21,0.0,40.0,117.0,11,autumn,0,2017-11-01
2017,330,8.1516,3.1013,-2.04,40.58,3.53,0.0,40.0,117.0,11,autumn,1,2017-11-01
2017,331,2.8258,2.1864,-1.75,68.97,1.91,0.0,40.0,117.0,11,autumn,0,2017-11-01
2017,332,7.4698,2.9722,-1.35,46.86,4.63,0.0,40.0,117.0,11,autumn,1,2017-11-01
2017,333,1.9934,2.0062,-5.46,39.21,1.7,0.0,40.0,117.0,11,autumn,0,2017-11-01
2017,334,7.7777,2.9479,-4.42,46.11,3.34,0.0,40.0,117.0,11,autumn,1,2017-11-01
2017,335,6.577,2.743,-3.01,52.49,2.94,0.0,40.0,117.0,11,autumn,1,2017-11-01
2017,336,5.652,2.5942,-1.9,65.57,1.75,0.0,40.0,117.0,12,winter,1,2017-12-01
2017,337,3.8285,2.1792,-1.5,42.87,3.7,0.0,40.0,117.0,12,winter,0,2017-12-01
2017,338,7.8082,2.8942,-5.17,41.66,4.03,0.0,40.0,117.0,12,winter,1,2017-12-01
2017,339,7.1508,2.7386,-2.55,49.88,3.88,0.0,40.0,117.0,12,winter,1,2017-12-01
2017,340,7.033,2.7168,0.44,48.94,3.59,0.0,40.0,117.0,12,winter,1,2017-12-01
2017,341,5.9544,2.4938,-1.37,45.23,4.55,0.0,40.0,117.0,12,winter,1,2017-12-01
2017,342,7.2134,2.7178,-1.19,48.88,3.65,0.0,40.0,117.0,12,winter,1,2017-12-01
2017,343,3.0343,2.1703,-0.08,52.09,2.63,0.0,40.0,117.0,12,winter,0,2017-12-01
2017,344,7.3049,2.7516,-2.12,41.66,4.48,0.0,40.0,117.0,12,winter,1,2017-12-01
2017,345,7.7316,2.8337,-6.76,38.73,3.89,0.0,40.0,117.0,12,winter,1,2017-12-01
2017,346,3.2947,1.9522,-8.18,41.64,2.17,0.0,40.0,117.0,12,winter,0,2017-12-01
2017,347,6.5702,2.627,-6.64,44.41,2.14,0.0,40.0,117.0,12,winter,1,2017-12-01
2017,348,0.7118,1.5528,-4.54,68.5,2.08,0.0,40.0,117.0,12,winter,0,2017-12-01
2017,349,6.4819,2.6458,-4.84,55.56,3.79,0.0,40.0,117.0,12,winter,1,2017-12-01
2017,350,7.4808,2.7199,-6.94,41.65,4.49,0.0,40.0,117.0,12,winter,1,2017-12-01
2017,351,7.3572,2.6645,-4.42,46.62,3.89,0.0,40.0,117.0,12,winter,1,2017-12-01
2017,352,7.283,2.6846,-2.84,44.17,4.95,0.0,40.0,117.0,12,winter,1,2017-12-01
2017,353,7.0322,2.6275,-4.05,47.52,3.32,0.0,40.0,117.0,12,winter,1,2017-12-01
2017,354,6.7966,2.5788,-1.14,51.66,3.66,0.0,40.0,117.0,12,winter,1,2017-12-01
2017,355,6.5928,2.5577,-0.2,52.07,2.02,0.0,40.0,117.0,12,winter,1,2017-12-01
2017,356,7.2962,2.6683,0.08,49.63,3.3,0.0,40.0,117.0,12,winter,1,2017-12-01
2017,357,3.4956,2.1269,-0.2,63.19,1.98,0.0,40.0,117.0,12,winter,0,2017-12-01
2017,358,6.7104,2.6201,-1.0,42.73,5.28,0.0,40.0,117.0,12,winter,1,2017-12-01
2017,359,4.777,2.3266,-3.38,45.9,2.82,0.0,40.0,117.0,12,winter,0,2017-12-01
2017,360,7.1714,2.6568,-5.18,52.72,3.06,0.0,40.0,117.0,12,winter,1,2017-12-01
2017,361,2.7713,1.9505,-3.91,80.48,1.96,0.0,40.0,117.0,12,winter,0,2017-12-01
2017,362,2.2512,1.7647,-2.09,83.07,1.52,0.0,40.0,117.0,12,winter,0,2017-12-01
2017,363,2.6594,1.8982,-3.26,75.8,2.23,0.0,40.0,117.0,12,winter,0,2017-12-01
2017,364,2.623,1.8828,-2.26,58.88,2.64,0.0,40.0,117.0,12,winter,0,2017-12-01
2017,365,7.0831,2.6844,-4.18,46.64,2.66,0.0,40.0,117.0,12,winter,1,2017-12-01
2018,1,6.5995,2.628,-4.51,49.16,3.29,0.0,40.0,117.0,1,winter,1,2018-01-01
2018,2,4.9762,2.4924,-4.24,47.15,3.09,0.0,40.0,117.0,1,winter,1,2018-01-01
2018,3,5.9338,2.5759,-6.26,45.4,2.92,0.0,40.0,117.0,1,winter,1,2018-01-01
2018,4,0.1608,1.6565,-6.95,51.4,2.87,0.0,40.0,117.0,1,winter,0,2018-01-01
2018,5,7.4213,2.7914,-4.21,44.83,2.58,0.0,40.0,117.0,1,winter,1,2018-01-01
2018,6,6.3852,2.6974,-4.04,46.25,2.67,0.0,40.0,117.0,1,winter,1,2018-01-01
2018,7,1.105,1.9087,-1.42,51.12,2.26,0.02,40.0,117.0,1,winter,0,2018-01-01
2018,8,5.8702,2.6333,-6.14,42.25,5.22,0.0,40.0,117.0,1,winter,1,2018-01-01
2018,9,5.1461,2.4564,-5.91,40.95,6.01,0.0,40.0,117.0,1,winter,1,2018-01-01
2018,10,7.7014,2.9438,-8.74,35.58,5.02,0.0,40.0,117.0,1,winter,1,2018-01-01
2018,11,8.0544,3.0353,-9.54,35.98,2.62,0.0,40.0,117.0,1,winter,1,2018-01-01
2018,12,6.3146,2.7809,-6.36,49.43,2.8,0.0,40.0,117.0,1,winter,1,2018-01-01
2018,13,4.8614,2.5498,-3.87,63.75,2.42,0.0,40.0,117.0,1,winter,1,2018-01-01
2018,14,5.5222,2.7242,-1.6,61.47,3.0,0.0,40.0,117.0,1,winter,1,2018-01-01
2018,15,0.6696,1.7333,-4.17,65.93,3.0,0.0,40.0,117.0,1,winter,0,2018-01-01
2018,16,7.4986,3.053,-2.93,55.45,2.78,0.0,40.0,117.0,1,winter,1,2018-01-01
2018,17,5.2783,2.645,-2.65,62.96,2.94,0.0,40.0,117.0,1,winter,1,2018-01-01
2018,18,7.6692,3.1025,-2.74,43.89,2.36,0.0,40.0,117.0,1,winter,1,2018-01-01
2018,19,7.9634,3.1445,-1.16,49.02,3.39,0.0,40.0,117.0,1,winter,1,2018-01-01
2018,20,5.1202,2.7559,-3.45,49.96,3.74,0.0,40.0,117.0,1,winter,1,2018-01-01
2018,21,1.3697,2.0386,-5.11,50.82,4.07,0.79,40.0,117.0,1,winter,0,2018-01-01
2018,22,4.8197,2.5111,-6.8,43.98,4.19,0.59,40.0,117.0,1,winter,1,2018-01-01
2018,23,8.4545,3.4051,-11.89,35.65,3.73,0.0,40.0,117.0,1,winter,1,2018-01-01
2018,24,7.9085,3.2734,-9.67,36.33,2.67,0.0,40.0,117.0,1,winter,1,2018-01-01
2018,25,7.8283,3.3487,-10.46,37.56,3.07,0.0,40.0,117.0,1,winter,1,2018-01-01
2018,26,6.7224,3.1114,-10.78,42.33,2.66,0.0,40.0,117.0,1,winter,1,2018-01-01
2018,27,0.7663,1.9478,-7.79,56.69,1.56,0.0,40.0,117.0,1,winter,0,2018-01-01
2018,28,8.5757,3.5496,-9.11,32.43,5.76,0.0,40.0,117.0,1,winter,1,2018-01-01
2018,29,8.4514,3.5333,-7.54,43.67,4.24,0.0,40.0,117.0,1,winter,1,2018-01-01
2018,30,7.5658,3.443,-5.77,43.84,4.35,0.0,40.0,117.0,1,winter,1,2018-01-01
2018,31,8.3388,3.5825,-5.23,46.32,3.58,0.0,40.0,117.0,1,winter,1,2018-01-01
2018,32,5.3892,3.229,-2.81,40.1,3.74,0.01,40.0,117.0,2,winter,1,2018-02-01
2018,33,8.5061,3.6199,-7.34,38.91,4.87,0.0,40.0,117.0,2,winter,1,2018-02-01
2018,34,8.2582,3.6634,-8.18,40.71,4.03,0.0,40.0,117.0,2,winter,1,2018-02-01
2018,35,7.5154,3.5011,-7.44,45.74,3.37,0.0,40.0,117.0,2,winter,1,2018-02-01
2018,36,8.377,3.7704,-8.73,41.11,4.01,0.0,40.0,117.0,2,winter,1,2018-02-01
2018,37,7.3243,3.6684,-7.54,45.27,2.99,0.0,40.0,117.0,2,winter,1,2018-02-01
2018,38,5.6575,3.3691,-6.25,48.98,4.86,0.02,40.0,117.0,2,winter,1,2018-02-01
2018,39,3.4512,3.1783,-6.05,45.2,3.53,0.01,40.0,117.0,2,winter,0,2018-02-01
2018,40,4.523,3.0156,-4.02,46.73,5.33,0.0,40.0,117.0,2,winter,0,2018-02-01
2018,41,7.8322,3.9883,-8.07,32.34,5.29,0.0,40.0,117.0,2,winter,1,2018-02-01
2018,42,7.5154,3.8383,-8.58,34.78,5.82,0.0,40.0,117.0,2,winter,1,2018-02-01
2018,43,9.0485,4.1652,-4.43,37.01,4.07,0.0,40.0,117.0,2,winter,1,2018-02-01
2018,44,7.0466,3.9434,-0.83,39.97,2.3,0.0,40.0,117.0,2,winter,1,2018-02-01
2018,45,5.0926,3.3346,-1.66,40.56,3.35,0.0,40.0,117.0,2,winter,1,2018-02-01
2018,46,8.0923,4.1885,-3.26,39.56,3.06,0.0,40.0,117.0,2,winter,1,2018-02-01
2018,47,9.3434,4.4393,-0.58,36.52,3.19,0.0,40.0,117.0,2,winter,1,2018-02-01
2018,48,1.1669,2.6875,-2.04,54.87,2.63,0.0,40.0,117.0,2,winter,0,2018-02-01
2018,49,4.3178,3.6629,-0.6,60.45,2.51,0.0,40.0,117.0,2,winter,0,2018-02-01
2018,50,1.9798,3.181,0.38,58.45,2.07,0.0,40.0,117.0,2,winter,0,2018-02-01
2018,51,8.0772,4.4321,0.82,33.96,3.19,0.0,40.0,117.0,2,winter,1,2018-02-01
2018,52,7.9243,4.3406,0.34,35.41,3.29,0.0,40.0,117.0,2,winter,1,2018-02-01
2018,53,5.9494,4.1232,1.41,33.16,2.93,0.0,40.0,117.0,2,winter,1,2018-02-01
2018,54,3.8842,3.8105,2.29,36.77,3.22,0.0,40.0,117.0,2,winter,0,2018-02-01
2018,55,7.0891,4.4609,-1.98,40.37,3.19,0.0,40.0,117.0,2,winter,1,2018-02-01
2018,56,7.189,4.5046,-1.22,60.61,2.21,0.0,40.0,117.0,2,winter,1,2018-02-01
2018,57,4.0006,3.7714,2.16,66.11,2.79,0.0,40.0,117.0,2,winter,0,2018-02-01
2018,58,0.5314,2.7638,0.51,56.01,3.4,0.0,40.0,117.0,2,winter,0,2018-02-01
2018,59,2.2733,2.8013,1.44,53.1,3.42,0.0,40.0,117.0,2,winter,0,2018-02-01
2018,60,9.6943,5.1197,-0.31,31.72,4.03,0.0,40.0,117.0,2,winter,1,2018-02-01
2018,61,6.2777,4.4309,0.6,54.79,2.39,0.0,40.0,117.0,3,spring,1,2018-03-01
2018,62,0.9029,2.2102,3.8,80.81,2.65,0.0,40.0,117.0,3,spring,0,2018-03-01
2018,63,0.451,2.9146,2.11,43.3,3.26,0.0,40.0,117.0,3,spring,0,2018-03-01
2018,64,9.0698,5.2207,0.02,46.7,3.27,0.0,40.0,117.0,3,spring,1,2018-03-01
2018,65,2.6002,3.9125,-1.09,55.32,3.91,0.0,40.0,117.0,3,spring,0,2018-03-01
2018,66,0.5566,2.3815,-1.45,65.39,2.34,0.14,40.0,117.0,3,spring,0,2018-03-01
2018,67,9.5842,5.4605,-0.64,42.59,2.7,0.0,40.0,117.0,3,spring,1,2018-03-01
2018,68,4.1952,4.2115,0.86,53.45,3.06,0.0,40.0,117.0,3,spring,0,2018-03-01
2018,69,6.9713,5.0834,3.54,51.28,3.62,0.0,40.0,117.0,3,spring,1,2018-03-01
2018,70,2.4281,3.5424,2.23,60.41,2.89,0.0,40.0,117.0,3,spring,0,2018-03-01
2018,71,2.4622,3.888,5.26,66.5,1.98,0.0,40.0,117.0,3,spring,0,2018-03-01
2018,72,4.5247,4.7146,8.87,74.17,2.28,0.0,40.0,117.0,3,spring,0,2018-03-01
2018,73,1.1215,2.333,10.85,69.13,3.27,0.0,40.0,117.0,3,spring,0,2018-03-01
2018,74,8.4902,5.6285,6.07,30.82,6.88,0.01,40.0,117.0,3,spring,1,2018-03-01
2018,75,9.3638,5.7818,2.55,40.24,2.41,0.0,40.0,117.0,3,spring,1,2018-03-01
2018,76,0.1498,1.3502,0.63,69.01,1.49,2.76,40.0,117.0,3,spring,0,2018-03-01
2018,77,3.8832,4.6666,4.24,66.93,1.69,0.07,40.0,117.0,3,spring,0,2018-03-01
2018,78,4.8574,4.9661,6.5,39.33,4.79,0.0,40.0,117.0,3,spring,1,2018-03-01
2018,79,1.9078,4.4455,4.5,34.7,3.31,0.0,40.0,117.0,3,spring,0,2018-03-01
2018,80,7.2002,5.5198,4.58,38.56,2.66,0.0,40.0,117.0,3,spring,1,2018-03-01
2018,81,6.8602,5.574,7.32,45.9,2.6,0.0,40.0,117.0,3,spring,1,2018-03-01
2018,82,3.677,4.7057,9.96,53.09,2.3,0.0,40.0,117.0,3,spring,0,2018-03-01
2018,83,9.9324,6.2875,12.23,35.55,3.39,0.0,40.0,117.0,3,spring,1,2018-03-01
2018,84,9.9761,6.3571,14.54,34.74,3.45,0.0,40.0,117.0,3,spring,1,2018-03-01
2018,85,2.5241,4.5379,13.2,49.39,3.02,0.0,40.0,117.0,3,spring,0,2018-03-01
2018,86,1.109,4.0718,14.85,54.05,2.49,0.0,40.0,117.0,3,spring,0,2018-03-01
2018,87,0.7642,4.0298,15.06,41.54,3.49,0.0,40.0,117.0,3,spring,0,2018-03-01
2018,88,4.2941,5.2913,12.99,40.85,3.92,0.0,40.0,117.0,3,spring,0,2018-03-01
2018,89,2.1972,4.3231,10.79,44.52,3.17,0.0,40.0,117.0,3,spring,0,2018-03-01
2018,90,4.5163,5.399,14.32,48.69,2.68,0.0,40.0,117.0,3,spring,0,2018-03-01
2018,91,4.4969,5.3554,14.53,62.39,3.55,0.0,40.0,117.0,3,spring,0,2018-03-01
2018,92,1.9838,4.2324,14.77,64.25,3.93,0.0,40.0,117.0,4,spring,0,2018-04-01
2018,93,0.047,1.1671,7.63,43.02,6.25,2.91,40.0,117.0,4,spring,0,2018-04-01
2018,94,1.0807,3.1901,3.75,54.68,2.89,8.31,40.0,117.0,4,spring,0,2018-04-01
2018,95,0.2928,2.3244,3.13,69.19,4.56,0.38,40.0,117.0,4,spring,0,2018-04-01
2018,96,0.6074,3.0319,3.73,40.22,7.07,0.0,40.0,117.0,4,spring,0,2018-04-01
2018,97,7.1177,6.4337,4.52,41.41,3.94,0.0,40.0,117.0,4,spring,1,2018-04-01
2018,98,9.241,6.8146,10.12,38.66,3.26,0.0,40.0,117.0,4,spring,1,2018-04-01
2018,99,4.1549,5.1943,11.48,54.18,3.59,0.0,40.0,117.0,4,spring,0,2018-04-01
2018,100,4.9414,5.3282,15.16,41.08,5.96,0.0,40.0,117.0,4,spring,1,2018-04-01
2018,101,9.9929,7.0286,15.35,37.72,4.28,0.0,40.0,117.0,4,spring,1,2018-04-01
2018,102,5.6971,6.1428,15.19,31.44,4.67,0.0,40.0,117.0,4,spring,1,2018-04-01
2018,103,0.1246,1.3913,9.93,65.29,4.45,6.19,40.0,117.0,4,spring,0,2018-04-01
2018,104,10.0344,7.331,11.03,41.75,6.77,0.02,40.0,117.0,4,spring,1,2018-04-01
2018,105,11.5327,7.5581,12.34,29.78,3.99,0.0,40.0,117.0,4,spring,1,2018-04-01
2018,106,9.3295,7.0344,13.88,47.67,4.31,0.0,40.0,117.0,4,spring,1,2018-04-01
2018,107,4.8504,5.903,15.3,54.72,3.62,0.0,40.0,117.0,4,spring,1,2018-04-01
2018,108,4.375,5.8018,18.1,57.14,2.88,0.0,40.0,117.0,4,spring,0,2018-04-01
2018,109,3.887,5.333,20.41,44.58,5.78,0.0,40.0,117.0,4,spring,0,2018-04-01
2018,110,7.0423,6.5515,19.99,50.27,4.47,0.0,40.0,117.0,4,spring,1,2018-04-01
2018,111,0.0154,0.8894,14.23,70.61,6.47,30.97,40.0,117.0,4,spring,0,2018-04-01
2018,112,0.0926,1.4808,12.75,53.06,4.5,0.68,40.0,117.0,4,spring,0,2018-04-01
2018,113,1.4645,3.6962,14.7,55.4,3.8,0.7,40.0,117.0,4,spring,0,2018-04-01
2018,114,6.3485,6.9674,16.51,38.14,3.2,0.0,40.0,117.0,4,spring,1,2018-04-01
2018,115,10.3003,7.6337,18.42,36.9,3.12,0.0,40.0,117.0,4,spring,1,2018-04-01
2018,116,8.0105,7.0085,19.23,49.28,1.9,0.0,40.0,117.0,4,spring,1,2018-04-01
2018,117,9.4678,7.2821,18.38,37.23,3.74,0.01,40.0,117.0,4,spring,1,2018-04-01
2018,118,7.2722,7.0056,20.02,54.13,2.74,0.0,40.0,117.0,4,spring,1,2018-04-01
2018,119,3.5688,5.5615,21.91,54.43,2.79,0.7,40.0,117.0,4,spring,0,2018-04-01
2018,120,3.5729,6.0185,19.88,57.77,4.15,0.11,40.0,117.0,4,spring,0,2018-04-01
2018,121,1.4021,4.5082,17.99,55.25,3.18,2.53,40.0,117.0,4,spring,0,2018-04-01
2018,122,7.5425,7.115,18.03,38.24,3.68,0.03,40.0,117.0,5,spring,1,2018-05-01
2018,123,11.4048,8.123,16.89,29.3,3.88,0.0,40.0,117.0,5,spring,1,2018-05-01
2018,124,7.7316,7.3622,18.75,42.59,2.47,0.0,40.0,117.0,5,spring,1,2018-05-01
2018,125,0.7454,3.5618,20.76,43.21,4.77,0.01,40.0,117.0,5,spring,0,2018-05-01
2018,126,9.2237,7.9464,20.98,37.91,2.32,0.0,40.0,117.0,5,spring,1,2018-05-01
2018,127,8.2874,7.6702,20.75,35.65,3.8,0.0,40.0,117.0,5,spring,1,2018-05-01
2018,128,7.4429,7.0466,19.32,36.22,2.27,0.0,40.0,117.0,5,spring,1,2018-05-01
2018,129,6.0156,6.9533,20.23,37.07,3.05,0.0,40.0,117.0,5,spring,1,2018-05-01
2018,130,1.2134,4.0663,21.23,45.87,2.87,0.05,40.0,117.0,5,spring,0,2018-05-01
2018,131,0.1361,1.8814,20.56,49.75,2.31,0.24,40.0,117.0,5,spring,0,2018-05-01
2018,132,1.9586,5.0659,21.04,59.23,2.85,1.43,40.0,117.0,5,spring,0,2018-05-01
2018,133,6.0871,7.1861,22.46,56.14,3.12,0.05,40.0,117.0,5,spring,1,2018-05-01
2018,134,3.9079,6.3228,25.0,54.38,3.05,0.0,40.0,117.0,5,spring,0,2018-05-01
2018,135,0.8455,4.5886,24.52,67.17,3.47,0.72,40.0,117.0,5,spring,0,2018-05-01
2018,136,2.2814,5.3306,25.74,66.51,2.85,0.23,40.0,117.0,5,spring,0,2018-05-01
2018,137,0.1282,2.1842,22.79,55.86,3.2,2.25,40.0,117.0,5,spring,0,2018-05-01
2018,138,9.3067,7.9102,23.58,45.77,2.62,0.0,40.0,117.0,5,spring,1,2018-05-01
2018,139,2.7953,5.0191,22.51,42.79,3.01,0.84,40.0,117.0,5,spring,0,2018-05-01
2018,140,0.1214,1.5883,18.45,67.38,2.89,0.8,40.0,117.0,5,spring,0,2018-05-01
2018,141,0.1385,1.9092,17.07,70.0,3.48,3.08,40.0,117.0,5,spring,0,2018-05-01
2018,142,5.8116,6.5844,19.31,38.29,4.99,0.91,40.0,117.0,5,spring,1,2018-05-01
2018,143,9.1133,8.1994,21.66,26.97,5.76,0.0,40.0,117.0,5,spring,1,2018-05-01
2018,144,8.7847,8.1552,25.14,32.25,3.49,0.0,40.0,117.0,5,spring,1,2018-05-01
2018,145,8.0218,7.8876,24.76,48.17,3.4,0.0,40.0,117.0,5,spring,1,2018-05-01
2018,146,0.6439,4.4993,24.09,52.26,3.3,0.0,40.0,117.0,5,spring,0,2018-05-01
2018,147,8.8939,8.1362,26.15,26.8,3.68,0.0,40.0,117.0,5,spring,1,2018-05-01
2018,148,10.9666,8.6374,23.94,21.55,5.17,0.0,40.0,117.0,5,spring,1,2018-05-01
2018,149,8.405,7.8619,24.19,25.31,3.82,0.0,40.0,117.0,5,spring,1,2018-05-01
2018,150,9.773,8.1898,25.72,25.92,2.32,0.0,40.0,117.0,5,spring,1,2018-05-01
2018,151,10.4287,8.425,27.26,28.27,2.57,0.0,40.0,117.0,5,spring,1,2018-05-01
2018,152,9.0583,8.0477,28.81,26.8,3.16,0.0,40.0,117.0,5,spring,1,2018-05-01
2018,153,5.5164,6.9626,28.4,31.29,4.02,0.0,40.0,117.0,6,summer,1,2018-06-01
2018,154,0.2765,2.6155,26.3,38.3,2.54,0.4,40.0,117.0,6,summer,0,2018-06-01
2018,155,8.9426,8.2678,28.13,29.25,4.6,0.0,40.0,117.0,6,summer,1,2018-06-01
2018,156,5.051,7.1626,29.58,21.33,4.54,0.0,40.0,117.0,6,summer,1,2018-06-01
2018,157,0.6826,4.1172,27.49,30.46,4.61,0.15,40.0,117.0,6,summer,0,2018-06-01
2018,158,3.5842,5.9875,27.25,47.37,3.44,4.67,40.0,117.0,6,summer,0,2018-06-01
2018,159,3.0895,6.612,26.24,38.55,2.48,0.0,40.0,117.0,6,summer,0,2018-06-01
2018,160,0.013,2.574,20.44,70.1,2.68,11.01,40.0,117.0,6,summer,0,2018-06-01
2018,161,2.1792,5.7487,20.9,65.47,2.88,0.45,40.0,117.0,6,summer,0,2018-06-01
2018,162,3.1625,5.9198,22.8,62.34,2.14,0.03,40.0,117.0,6,summer,0,2018-06-01
2018,163,2.7626,5.3443,24.46,64.23,2.77,6.32,40.0,117.0,6,summer,0,2018-06-01
2018,164,0.4075,2.4629,20.31,81.0,3.3,7.4,40.0,117.0,6,summer,0,2018-06-01
2018,165,4.7448,6.4752,24.09,56.38,2.37,1.06,40.0,117.0,6,summer,0,2018-06-01
2018,166,1.8487,4.6464,24.08,62.57,3.71,1.38,40.0,117.0,6,summer,0,2018-06-01
2018,167,2.3148,5.2666,25.22,62.84,3.45,0.5,40.0,117.0,6,summer,0,2018-06-01
2018,168,0.114,2.262,23.1,82.62,2.46,8.57,40.0,117.0,6,summer,0,2018-06-01
2018,169,1.1652,4.5197,26.34,68.79,2.76,3.99,40.0,117.0,6,summer,0,2018-06-01
2018,170,7.6757,7.5401,26.66,60.45,3.04,3.57,40.0,117.0,6,summer,1,2018-06-01
2018,171,11.136,8.6249,28.79,41.85,1.74,0.0,40.0,117.0,6,summer,1,2018-06-01
2018,172,10.8106,8.6347,29.44,33.13,3.84,0.0,40.0,117.0,6,summer,1,2018-06-01
2018,173,1.523,5.0292,26.44,53.91,4.06,0.01,40.0,117.0,6,summer,0,2018-06-01
2018,174,6.059,7.2917,29.74,44.12,2.23,0.02,40.0,117.0,6,summer,1,2018-06-01
2018,175,1.2576,4.9963,28.79,53.27,2.77,2.11,40.0,117.0,6,summer,0,2018-06-01
2018,176,0.1853,2.7012,28.51,54.51,1.69,0.3,40.0,117.0,6,summer,0,2018-06-01
2018,177,4.4724,5.8231,28.92,62.48,2.66,0.62,40.0,117.0,6,summer,0,2018-06-01
2018,178,8.6719,7.3178,31.2,37.55,4.34,0.0,40.0,117.0,6,summer,1,2018-06-01
2018,179,7.8967,7.3522,30.41,33.37,3.69,0.01,40.0,117.0,6,summer,1,2018-06-01
2018,180,5.8075,6.3734,31.95,30.42,2.99,0.3,40.0,117.0,6,summer,1,2018-06-01
2018,181,2.6484,5.5639,29.29,46.34,3.8,5.15,40.0,117.0,6,summer,0,2018-06-01
2018,182,4.5122,6.7925,27.81,52.23,3.38,2.04,40.0,117.0,6,summer,0,2018-06-01
2018,183,1.3838,4.6978,27.84,59.05,2.26,1.11,40.0,117.0,7,summer,0,2018-07-01
2018,184,1.0452,3.9566,27.62,61.82,1.75,7.41,40.0,117.0,7,summer,0,2018-07-01
2018,185,2.1449,5.4746,29.87,54.67,2.2,0.37,40.0,117.0,7,summer,0,2018-07-01
2018,186,2.9803,5.1007,31.13,53.33,2.4,1.91,40.0,117.0,7,summer,0,2018-07-01
2018,187,3.9907,6.307,30.44,50.96,3.25,0.02,40.0,117.0,7,summer,0,2018-07-01
2018,188,0.0677,2.0105,26.65,68.56,2.76,8.66,40.0,117.0,7,summer,0,2018-07-01
2018,189,1.0157,4.0951,26.04,79.77,2.57,9.36,40.0,117.0,7,summer,0,2018-07-01
2018,190,0.0593,3.0454,25.52,77.18,3.26,0.53,40.0,117.0,7,summer,0,2018-07-01
2018,191,2.3837,4.6454,26.73,61.48,2.41,0.13,40.0,117.0,7,summer,0,2018-07-01
2018,192,0.0317,1.7789,22.81,81.9,2.28,15.58,40.0,117.0,7,summer,0,2018-07-01
2018,193,0.3542,2.9938,25.31,76.58,1.48,8.61,40.0,117.0,7,summer,0,2018-07-01
2018,194,0.3367,2.8502,26.87,81.85,0.91,2.21,40.0,117.0,7,summer,0,2018-07-01
2018,195,3.7054,5.1946,28.32,76.53,1.92,1.77,40.0,117.0,7,summer,0,2018-07-01
2018,196,3.8242,6.0715,29.55,75.73,2.47,4.9,40.0,117.0,7,summer,0,2018-07-01
2018,197,0.0864,1.4453,29.75,84.9,3.38,28.58,40.0,117.0,7,summer,0,2018-07-01
2018,198,0.1123,1.3082,26.62,90.73,3.64,46.66,40.0,117.0,7,summer,0,2018-07-01
2018,199,0.6358,3.6286,28.43,88.89,2.65,17.12,40.0,117.0,7,summer,0,2018-07-01
2018,200,0.5808,3.6125,27.99,90.58,3.64,10.87,40.0,117.0,7,summer,0,2018-07-01
2018,201,0.6919,3.1291,28.59,84.97,3.83,0.15,40.0,117.0,7,summer,0,2018-07-01
2018,202,1.6675,4.4966,29.78,79.97,3.65,1.14,40.0,117.0,7,summer,0,2018-07-01
2018,203,1.4117,4.693,29.13,79.51,1.98,4.98,40.0,117.0,7,summer,0,2018-07-01
2018,204,2.79,5.3218,28.55,72.57,2.61,2.85,40.0,117.0,7,summer,0,2018-07-01
2018,205,0.3434,0.9374,26.75,88.32,5.42,86.56,40.0,117.0,7,summer,0,2018-07-01
2018,206,0.9554,3.5875,27.68,85.34,3.34,26.7,40.0,117.0,7,summer,0,2018-07-01
2018,207,5.5601,6.6487,28.1,73.86,2.73,0.0,40.0,117.0,7,summer,1,2018-07-01
2018,208,4.7566,6.5071,26.89,82.58,2.4,0.0,40.0,117.0,7,summer,0,2018-07-01
2018,209,4.9697,6.5674,28.49,76.79,1.69,0.02,40.0,117.0,7,summer,1,2018-07-01
2018,210,5.6902,6.6869,29.43,71.08,1.02,0.84,40.0,117.0,7,summer,1,2018-07-01
2018,211,6.4486,6.798,30.45,70.73,1.24,0.07,40.0,117.0,7,summer,1,2018-07-01
2018,212,6.1219,6.775,31.01,68.15,1.44,0.0,40.0,117.0,7,summer,1,2018-07-01
2018,213,3.0833,5.4122,31.77,63.98,1.11,0.06,40.0,117.0,7,summer,0,2018-07-01
2018,214,5.0273,6.276,31.33,67.53,1.35,0.03,40.0,117.0,8,summer,1,2018-08-01
2018,215,6.0031,6.7027,31.15,66.61,1.79,0.0,40.0,117.0,8,summer,1,2018-08-01
2018,216,4.501,5.8318,30.67,65.38,1.67,0.0,40.0,117.0,8,summer,0,2018-08-01
2018,217,0.4394,3.2885,29.91,72.3,3.33,0.86,40.0,117.0,8,summer,0,2018-08-01
2018,218,0.509,3.0509,26.18,86.46,2.39,22.82,40.0,117.0,8,summer,0,2018-08-01
2018,219,0.3341,3.3103,28.14,90.14,1.36,9.01,40.0,117.0,8,summer,0,2018-08-01
2018,220,1.475,2.3498,26.31,86.86,2.67,29.18,40.0,117.0,8,summer,0,2018-08-01
2018,221,6.1639,6.7238,28.18,77.37,1.25,0.01,40.0,117.0,8,summer,1,2018-08-01
2018,222,6.5604,6.7457,27.97,78.02,2.08,0.06,40.0,117.0,8,summer,1,2018-08-01
2018,223,0.4661,2.8018,25.92,86.92,2.3,7.86,40.0,117.0,8,summer,0,2018-08-01
2018,224,0.5897,2.9074,26.97,91.02,2.89,28.24,40.0,117.0,8,summer,0,2018-08-01
2018,225,0.4932,3.2335,27.6,85.78,1.81,11.2,40.0,117.0,8,summer,0,2018-08-01
2018,226,0.2784,3.3583,25.72,91.38,3.17,19.68,40.0,117.0,8,summer,0,2018-08-01
2018,227,3.0677,4.477,26.46,78.18,5.05,2.37,40.0,117.0,8,summer,0,2018-08-01
2018,228,8.1691,6.8633,25.87,74.18,3.59,0.0,40.0,117.0,8,summer,1,2018-08-01
2018,229,5.1146,6.1008,25.38,73.2,1.52,3.34,40.0,117.0,8,summer,1,2018-08-01
2018,230,1.4371,2.8322,25.35,79.74,1.81,0.57,40.0,117.0,8,summer,0,2018-08-01
2018,231,0.5748,3.6691,24.71,86.96,2.8,6.18,40.0,117.0,8,summer,0,2018-08-01
2018,232,7.986,6.8107,25.82,80.01,2.22,0.42,40.0,117.0,8,summer,1,2018-08-01
2018,233,9.1603,7.1018,25.3,66.78,3.33,0.0,40.0,117.0,8,summer,1,2018-08-01
2018,234,0.259,3.5635,25.77,61.49,1.29,0.14,40.0,117.0,8,summer,0,2018-08-01
2018,235,7.0634,6.2218,25.55,63.4,1.89,0.0,40.0,117.0,8,summer,1,2018-08-01
2018,236,8.1571,6.3593,25.32,62.25,2.57,0.01,40.0,117.0,8,summer,1,2018-08-01
2018,237,7.2266,6.4925,24.99,69.28,2.65,0.0,40.0,117.0,8,summer,1,2018-08-01
2018,238,1.8478,4.5338,25.48,76.82,2.37,2.62,40.0,117.0,8,summer,0,2018-08-01
2018,239,1.4515,4.0375,25.25,78.74,2.68,1.92,40.0,117.0,8,summer,0,2018-08-01
2018,240,0.7229,3.1334,25.24,77.79,1.99,0.43,40.0,117.0,8,summer,0,2018-08-01
2018,241,7.5343,6.4025,24.78,63.39,3.36,0.01,40.0,117.0,8,summer,1,2018-08-01
2018,242,2.3278,3.2045,24.32,70.4,1.37,3.03,40.0,117.0,8,summer,0,2018-08-01
2018,243,6.222,5.9119,24.24,69.63,2.8,0.0,40.0,117.0,8,summer,1,2018-08-01
2018,244,2.448,4.4134,23.61,72.76,2.39,6.32,40.0,117.0,8,summer,0,2018-08-01
2018,245,1.2418,2.5877,23.12,85.45,2.59,8.01,40.0,117.0,9,autumn,0,2018-09-01
2018,246,6.9245,5.7144,23.78,66.64,3.66,0.23,40.0,117.0,9,autumn,1,2018-09-01
2018,247,8.9146,6.631,23.49,53.53,3.41,0.0,40.0,117.0,9,autumn,1,2018-09-01
2018,248,8.5356,6.4056,23.61,51.91,3.64,0.0,40.0,117.0,9,autumn,1,2018-09-01
2018,249,6.1171,5.6546,21.9,49.14,4.98,0.01,40.0,117.0,9,autumn,1,2018-09-01
2018,250,8.0645,6.0374,20.41,48.81,3.74,0.0,40.0,117.0,9,autumn,1,2018-09-01
2018,251,7.567,5.5958,20.42,50.27,2.82,0.0,40.0,117.0,9,autumn,1,2018-09-01
2018,252,6.9353,5.8315,20.51,64.8,2.51,0.0,40.0,117.0,9,autumn,1,2018-09-01
2018,253,4.9248,5.0321,21.64,65.02,2.55,0.13,40.0,117.0,9,autumn,1,2018-09-01
2018,254,0.9698,3.145,21.46,66.52,2.83,2.16,40.0,117.0,9,autumn,0,2018-09-01
2018,255,2.4617,4.2929,22.0,71.57,2.44,1.18,40.0,117.0,9,autumn,0,2018-09-01
2018,256,2.3426,4.4098,22.52,68.11,2.02,0.12,40.0,117.0,9,autumn,0,2018-09-01
2018,257,1.6046,3.7529,23.55,69.69,2.12,0.91,40.0,117.0,9,autumn,0,2018-09-01
2018,258,4.133,4.2418,21.43,56.09,2.91,1.3,40.0,117.0,9,autumn,0,2018-09-01
2018,259,9.217,6.2371,18.57,38.86,3.34,0.0,40.0,117.0,9,autumn,1,2018-09-01
2018,260,4.9366,4.9718,20.24,36.94,2.04,0.0,40.0,117.0,9,autumn,1,2018-09-01
2018,261,2.3822,3.995,20.25,50.89,2.54,0.03,40.0,117.0,9,autumn,0,2018-09-01
2018,262,0.127,2.8906,19.15,68.71,1.51,0.32,40.0,117.0,9,autumn,0,2018-09-01
2018,263,3.617,4.6493,18.34,65.6,2.4,0.01,40.0,117.0,9,autumn,0,2018-09-01
2018,264,9.613,6.0559,18.07,45.41,4.53,0.0,40.0,117.0,9,autumn,1,2018-09-01
2018,265,8.7302,5.7108,16.83,37.39,4.6,0.0,40.0,117.0,9,autumn,1,2018-09-01
2018,266,7.0025,5.0628,16.38,43.17,4.62,0.0,40.0,117.0,9,autumn,1,2018-09-01
2018,267,9.4286,5.7566,16.75,47.28,2.71,0.0,40.0,117.0,9,autumn,1,2018-09-01
2018,268,4.2653,4.3517,16.61,60.16,2.61,0.09,40.0,117.0,9,autumn,0,2018-09-01
2018,269,4.7993,4.6078,18.17,55.45,2.1,0.07,40.0,117.0,9,autumn,0,2018-09-01
2018,270,0.5124,1.5881,16.75,70.31,2.33,4.04,40.0,117.0,9,autumn,0,2018-09-01
2018,271,6.294,5.094,16.76,63.15,2.89,0.51,40.0,117.0,9,autumn,1,2018-09-01
2018,272,3.8141,3.8544,14.3,53.1,4.93,1.36,40.0,117.0,9,autumn,0,2018-09-01
2018,273,2.8526,3.1656,14.02,46.59,5.59,0.1,40.0,117.0,9,autumn,0,2018-09-01
2018,274,8.8253,5.3088,17.2,49.91,4.56,0.0,40.0,117.0,9,autumn,1,2018-09-01
2018,275,8.8596,5.2697,18.06,44.64,3.06,0.0,40.0,117.0,10,autumn,1,2018-10-01
2018,276,9.4774,5.3496,18.03,36.35,2.34,0.0,40.0,117.0,10,autumn,1,2018-10-01
2018,277,6.685,4.7066,17.7,52.39,2.9,0.0,40.0,117.0,10,autumn,1,2018-10-01
2018,278,4.47,4.0646,17.39,67.65,2.24,0.08,40.0,117.0,10,autumn,0,2018-10-01
2018,279,7.6841,4.8926,15.15,32.65,5.49,0.05,40.0,117.0,10,autumn,1,2018-10-01
2018,280,9.551,5.2092,12.95,36.4,4.1,0.0,40.0,117.0,10,autumn,1,2018-10-01
2018,281,8.3443,4.9582,14.07,37.83,3.85,0.0,40.0,117.0,10,autumn,1,2018-10-01
2018,282,4.6068,3.7212,10.06,41.6,5.46,0.0,40.0,117.0,10,autumn,0,2018-10-01
2018,283,5.4643,3.7241,8.97,43.18,3.09,0.0,40.0,117.0,10,autumn,1,2018-10-01
2018,284,9.3233,4.9891,9.74,44.64,2.81,0.0,40.0,117.0,10,autumn,1,2018-10-01
2018,285,5.2858,4.2192,11.09,46.69,2.53,0.0,40.0,117.0,10,autumn,1,2018-10-01
2018,286,3.4999,3.4884,13.14,60.69,1.95,0.0,40.0,117.0,10,autumn,0,2018-10-01
2018,287,3.269,3.2549,14.25,58.52,1.83,0.16,40.0,117.0,10,autumn,0,2018-10-01
2018,288,0.1111,1.1558,12.33,71.74,2.79,1.66,40.0,117.0,10,autumn,0,2018-10-01
2018,289,5.9078,3.9326,12.44,67.43,2.79,6.68,40.0,117.0,10,autumn,1,2018-10-01
2018,290,9.0818,4.6783,11.34,41.04,2.08,0.0,40.0,117.0,10,autumn,1,2018-10-01
2018,291,9.3163,4.6966,10.67,41.07,2.06,0.0,40.0,117.0,10,autumn,1,2018-10-01
2018,292,5.4936,4.0289,11.53,41.43,2.03,0.0,40.0,117.0,10,autumn,1,2018-10-01
2018,293,2.4518,3.0929,11.46,46.06,2.06,0.0,40.0,117.0,10,autumn,0,2018-10-01
2018,294,0.2686,1.5662,10.87,58.16,1.88,0.0,40.0,117.0,10,autumn,0,2018-10-01
2018,295,2.0688,3.0437,11.65,59.08,2.94,0.15,40.0,117.0,10,autumn,0,2018-10-01
2018,296,7.997,4.3013,10.92,42.21,3.8,0.0,40.0,117.0,10,autumn,1,2018-10-01
2018,297,7.3632,4.0685,12.47,44.12,2.31,0.0,40.0,117.0,10,autumn,1,2018-10-01
2018,298,0.2722,1.5163,10.26,77.73,2.7,0.97,40.0,117.0,10,autumn,0,2018-10-01
2018,299,7.362,3.9343,7.04,32.1,6.49,0.0,40.0,117.0,10,autumn,1,2018-10-01
2018,300,7.6901,3.9576,9.04,37.49,4.58,0.0,40.0,117.0,10,autumn,1,2018-10-01
2018,301,3.4097,2.9798,10.14,43.01,5.6,0.0,40.0,117.0,10,autumn,0,2018-10-01
2018,302,8.4542,4.0193,6.92,44.73,3.69,0.0,40.0,117.0,10,autumn,1,2018-10-01
2018,303,8.3981,4.0003,7.09,46.94,3.62,0.0,40.0,117.0,10,autumn,1,2018-10-01
2018,304,7.8998,3.8496,8.45,46.02,2.17,0.0,40.0,117.0,10,autumn,1,2018-10-01
2018,305,6.5513,3.5374,9.18,47.0,2.63,0.0,40.0,117.0,10,autumn,1,2018-10-01
2018,306,2.6726,2.6628,9.02,70.27,2.42,0.0,40.0,117.0,11,autumn,0,2018-11-01
2018,307,2.7727,2.6323,9.95,74.17,2.3,0.0,40.0,117.0,11,autumn,0,2018-11-01
2018,308,0.1258,0.6098,7.14,78.77,3.54,3.64,40.0,117.0,11,autumn,0,2018-11-01
2018,309,2.219,2.7965,4.36,61.08,2.33,0.0,40.0,117.0,11,autumn,0,2018-11-01
2018,310,2.7698,3.0787,4.21,46.97,2.91,0.0,40.0,117.0,11,autumn,0,2018-11-01
2018,311,1.5206,2.6938,5.12,43.03,2.38,0.0,40.0,117.0,11,autumn,0,2018-11-01
2018,312,1.9769,2.4828,6.72,52.37,1.92,0.0,40.0,117.0,11,autumn,0,2018-11-01
2018,313,6.689,3.3624,6.85,47.91,4.06,0.0,40.0,117.0,11,autumn,1,2018-11-01
2018,314,4.4191,3.0442,5.97,41.0,2.16,0.0,40.0,117.0,11,autumn,0,2018-11-01
2018,315,4.0346,2.8154,8.05,55.9,2.38,0.0,40.0,117.0,11,autumn,0,2018-11-01
2018,316,4.1494,2.831,6.54,74.78,2.01,0.0,40.0,117.0,11,autumn,0,2018-11-01
2018,317,2.2205,2.3162,6.2,78.59,2.57,0.0,40.0,117.0,11,autumn,0,2018-11-01
2018,318,1.3997,1.8782,5.97,84.94,1.96,0.0,40.0,117.0,11,autumn,0,2018-11-01
2018,319,0.3869,1.3226,6.23,57.13,3.12,0.38,40.0,117.0,11,autumn,0,2018-11-01
2018,320,8.4122,3.4474,0.45,40.58,2.71,0.0,40.0,117.0,11,autumn,1,2018-11-01
2018,321,5.2589,2.9748,4.09,42.25,2.24,0.0,40.0,117.0,11,autumn,1,2018-11-01
2018,322,6.7382,3.1049,3.46,40.82,3.65,0.0,40.0,117.0,11,autumn,1,2018-11-01
2018,323,3.5453,2.6602,2.71,45.57,2.37,0.0,40.0,117.0,11,autumn,0,2018-11-01
2018,324,4.3574,2.7574,3.47,46.5,2.96,0.0,40.0,117.0,11,autumn,0,2018-11-01
2018,325,7.3992,3.1267,1.94,43.26,3.06,0.36,40.0,117.0,11,autumn,1,2018-11-01
2018,326,7.6841,3.1342,1.24,39.09,2.67,0.0,40.0,117.0,11,autumn,1,2018-11-01
2018,327,0.1128,1.0519,2.04,64.35,3.16,0.02,40.0,117.0,11,autumn,0,2018-11-01
2018,328,6.3221,2.9119,2.23,55.4,3.49,0.0,40.0,117.0,11,autumn,1,2018-11-01
2018,329,5.6222,2.657,4.12,51.55,2.6,0.0,40.0,117.0,11,autumn,1,2018-11-01
2018,330,0.6509,1.4081,3.46,68.26,2.06,0.0,40.0,117.0,11,autumn,0,2018-11-01
2018,331,5.3798,2.8087,3.13,28.94,3.63,0.0,40.0,117.0,11,autumn,1,2018-11-01
2018,332,1.5374,2.0251,1.59,39.95,2.03,0.0,40.0,117.0,11,autumn,0,2018-11-01
2018,333,6.0451,2.8109,-0.01,40.45,2.8,0.0,40.0,117.0,11,autumn,1,2018-11-01
2018,334,4.7045,2.568,1.76,55.94,1.36,0.0,40.0,117.0,11,autumn,0,2018-11-01
2018,335,3.7788,2.341,2.56,65.42,2.33,0.13,40.0,117.0,11,autumn,0,2018-11-01
2018,336,0.0737,0.5525,4.28,95.36,1.57,0.81,40.0,117.0,12,winter,0,2018-12-01
2018,337,1.4366,2.0102,1.94,40.42,4.0,0.0,40.0,117.0,12,winter,0,2018-12-01
2018,338,5.6208,2.7091,-2.15,37.07,3.62,0.0,40.0,117.0,12,winter,1,2018-12-01
2018,339,0.174,1.5492,-1.68,49.81,2.23,0.06,40.0,117.0,12,winter,0,2018-12-01
2018,340,7.7294,2.9074,-4.0,29.18,5.75,0.01,40.0,117.0,12,winter,1,2018-12-01
2018,341,7.6682,2.9126,-10.01,28.88,4.48,0.0,40.0,117.0,12,winter,1,2018-12-01
2018,342,7.8269,2.8826,-8.88,35.75,3.31,0.0,40.0,117.0,12,winter,1,2018-12-01
2018,343,3.564,2.2841,-6.31,38.28,2.1,0.0,40.0,117.0,12,winter,0,2018-12-01
2018,344,4.129,2.2308,-4.19,41.55,1.5,0.0,40.0,117.0,12,winter,0,2018-12-01
2018,345,5.2627,2.5008,-4.63,37.44,4.51,0.0,40.0,117.0,12,winter,1,2018-12-01
2018,346,7.4957,2.755,-5.45,39.86,3.35,0.0,40.0,117.0,12,winter,1,2018-12-01
2018,347,7.6337,2.7734,-3.64,38.64,2.85,0.0,40.0,117.0,12,winter,1,2018-12-01
2018,348,5.7708,2.4869,-4.39,49.64,2.98,0.0,40.0,117.0,12,winter,1,2018-12-01
2018,349,1.6651,1.7918,-3.52,63.6,1.55,0.0,40.0,117.0,12,winter,0,2018-12-01
2018,350,6.324,2.5781,-0.98,46.47,4.01,0.0,40.0,117.0,12,winter,1,2018-12-01
2018,351,7.4633,2.7067,-1.26,46.11,3.46,0.0,40.0,117.0,12,winter,1,2018-12-01
2018,352,5.1998,2.4547,0.08,42.44,2.97,0.0,40.0,117.0,12,winter,1,2018-12-01
2018,353,6.7632,2.6088,0.74,43.86,2.32,0.0,40.0,117.0,12,winter,1,2018-12-01
2018,354,0.6811,1.6402,0.29,58.37,2.53,0.08,40.0,117.0,12,winter,0,2018-12-01
2018,355,6.8498,2.6772,0.63,63.22,2.66,0.01,40.0,117.0,12,winter,1,2018-12-01
2018,356,0.3866,1.3517,1.57,41.74,3.15,0.0,40.0,117.0,12,winter,0,2018-12-01
2018,357,7.7242,2.7907,-5.33,31.27,3.7,0.0,40.0,117.0,12,winter,1,2018-12-01
2018,358,7.356,2.7,-6.47,42.31,2.66,0.0,40.0,117.0,12,winter,1,2018-12-01
2018,359,7.3896,2.723,-5.04,41.6,4.28,0.0,40.0,117.0,12,winter,1,2018-12-01
2018,360,7.295,2.693,-8.57,37.2,2.62,0.0,40.0,117.0,12,winter,1,2018-12-01
2018,361,7.1323,2.6854,-11.17,23.66,5.84,0.02,40.0,117.0,12,winter,1,2018-12-01
2018,362,7.7119,2.8001,-11.49,38.2,3.73,0.0,40.0,117.0,12,winter,1,2018-12-01
2018,363,7.6327,2.791,-9.85,39.3,3.56,0.0,40.0,117.0,12,winter,1,2018-12-01
2018,364,7.6104,2.7703,-9.63,41.25,2.46,0.0,40.0,117.0,12,winter,1,2018-12-01
2018,365,5.2382,2.4792,-6.93,41.61,1.85,0.0,40.0,117.0,12,winter,1,2018-12-01
2019,1,7.5041,2.7518,-5.62,42.79,2.28,0.0,40.0,117.0,1,winter,1,2019-01-01
2019,2,6.9096,2.6743,-6.47,45.6,2.48,0.0,40.0,117.0,1,winter,1,2019-01-01
2019,3,0.9758,1.3798,-4.49,49.94,1.58,0.0,40.0,117.0,1,winter,0,2019-01-01
2019,4,6.8635,2.7475,-4.97,40.83,3.29,0.0,40.0,117.0,1,winter,1,2019-01-01
2019,5,3.1289,2.2855,-5.73,39.13,2.83,0.0,40.0,117.0,1,winter,0,2019-01-01
2019,6,1.8931,1.9318,-4.14,50.76,1.92,0.0,40.0,117.0,1,winter,0,2019-01-01
2019,7,0.9398,1.9174,-4.66,43.62,3.02,0.0,40.0,117.0,1,winter,0,2019-01-01
2019,8,7.9118,2.9674,-5.05,34.51,3.02,0.0,40.0,117.0,1,winter,1,2019-01-01
2019,9,3.1102,2.1526,-6.15,43.27,2.78,0.0,40.0,117.0,1,winter,0,2019-01-01
2019,10,6.287,2.7367,-2.43,49.07,1.86,0.0,40.0,117.0,1,winter,1,2019-01-01
2019,11,1.0078,1.667,-0.74,47.65,2.39,0.0,40.0,117.0,1,winter,0,2019-01-01
2019,12,1.9934,1.9992,-1.23,57.57,1.98,0.0,40.0,117.0,1,winter,0,2019-01-01
2019,13,6.9598,2.8699,-2.4,48.48,3.12,0.0,40.0,117.0,1,winter,1,2019-01-01
2019,14,4.7172,2.5284,-1.93,51.98,3.88,0.0,40.0,117.0,1,winter,0,2019-01-01
2019,15,7.9399,3.1442,-6.97,27.89,5.68,0.0,40.0,117.0,1,winter,1,2019-01-01
2019,16,7.8487,3.0751,-6.05,36.36,3.48,0.0,40.0,117.0,1,winter,1,2019-01-01
2019,17,7.5744,3.0694,-3.11,36.61,3.43,0.0,40.0,117.0,1,winter,1,2019-01-01
2019,18,2.9878,2.4773,-1.2,42.18,2.14,0.0,40.0,117.0,1,winter,0,2019-01-01
2019,19,1.7239,2.28,-0.89,38.0,3.64,0.0,40.0,117.0,1,winter,0,2019-01-01
2019,20,8.2706,3.2455,-2.58,38.76,3.78,0.0,40.0,117.0,1,winter,1,2019-01-01
2019,21,5.0662,2.7458,-1.62,38.78,4.2,0.0,40.0,117.0,1,winter,1,2019-01-01
2019,22,6.1241,2.9897,0.37,38.32,4.01,0.0,40.0,117.0,1,winter,1,2019-01-01
2019,23,6.743,3.1358,0.09,52.66,3.8,0.0,40.0,117.0,1,winter,1,2019-01-01
2019,24,2.4391,2.4192,-0.09,61.3,2.68,0.0,40.0,117.0,1,winter,0,2019-01-01
2019,25,8.3338,3.4032,-1.99,35.77,3.98,0.0,40.0,117.0,1,winter,1,2019-01-01
2019,26,4.9961,2.9422,-3.17,41.58,3.18,0.0,40.0,117.0,1,winter,1,2019-01-01
2019,27,4.632,2.9254,-1.44,42.23,3.23,0.0,40.0,117.0,1,winter,0,2019-01-01
2019,28,8.0124,3.4874,-1.65,34.64,3.01,0.0,40.0,117.0,1,winter,1,2019-01-01
2019,29,2.9342,2.6899,-0.15,46.91,2.21,0.0,40.0,117.0,1,winter,0,2019-01-01
2019,30,0.2734,1.6248,-0.59,27.13,5.4,0.0,40.0,117.0,1,winter,0,2019-01-01
2019,31,5.123,3.2203,-5.04,29.48,3.83,0.0,40.0,117.0,1,winter,1,2019-01-01
2019,32,8.0887,3.5808,-3.23,39.62,3.52,0.0,40.0,117.0,2,winter,1,2019-02-01
2019,33,0.7332,1.3303,-2.06,69.89,1.73,0.0,40.0,117.0,2,winter,0,2019-02-01
2019,34,6.001,3.3374,0.05,34.51,5.12,0.0,40.0,117.0,2,winter,1,2019-02-01
2019,35,3.6578,2.7977,-1.91,44.61,2.84,0.0,40.0,117.0,2,winter,0,2019-02-01
2019,36,2.6261,2.7526,-2.61,46.64,3.78,0.0,40.0,117.0,2,winter,0,2019-02-01
2019,37,2.2363,2.3573,-4.2,45.82,3.05,0.16,40.0,117.0,2,winter,0,2019-02-01
2019,38,3.9278,3.1651,-8.07,22.54,3.66,0.0,40.0,117.0,2,winter,0,2019-02-01
2019,39,2.8891,3.1306,-6.81,34.58,2.67,0.0,40.0,117.0,2,winter,0,2019-02-01
2019,40,0.2059,2.2961,-6.89,34.54,2.79,0.0,40.0,117.0,2,winter,0,2019-02-01
2019,41,1.4635,2.7766,-7.16,37.45,2.89,0.0,40.0,117.0,2,winter,0,2019-02-01
2019,42,6.8191,3.8042,-4.22,48.47,3.02,0.0,40.0,117.0,2,winter,1,2019-02-01
2019,43,1.7746,2.1264,-5.75,47.58,4.24,0.49,40.0,117.0,2,winter,0,2019-02-01
2019,44,7.9202,3.9223,-5.55,46.59,2.75,0.0,40.0,117.0,2,winter,1,2019-02-01
2019,45,0.4634,1.477,-6.23,75.38,2.7,0.62,40.0,117.0,2,winter,0,2019-02-01
2019,46,6.6458,3.761,-5.38,40.06,5.46,0.0,40.0,117.0,2,winter,1,2019-02-01
2019,47,8.7713,4.3123,-4.91,37.79,4.1,0.0,40.0,117.0,2,winter,1,2019-02-01
2019,48,8.9678,4.3478,-3.15,38.87,3.13,0.0,40.0,117.0,2,winter,1,2019-02-01
2019,49,0.666,2.2241,-1.73,44.92,2.57,0.03,40.0,117.0,2,winter,0,2019-02-01
2019,50,3.042,2.6981,-0.47,66.8,2.24,0.75,40.0,117.0,2,winter,0,2019-02-01
2019,51,7.9946,4.3862,-1.08,38.65,3.21,0.0,40.0,117.0,2,winter,1,2019-02-01
2019,52,8.7732,4.5449,1.8,38.44,2.71,0.0,40.0,117.0,2,winter,1,2019-02-01
2019,53,1.2521,3.2275,3.52,41.89,2.5,0.0,40.0,117.0,2,winter,0,2019-02-01
2019,54,6.7109,4.3126,5.14,39.15,2.29,0.0,40.0,117.0,2,winter,1,2019-02-01
2019,55,3.7212,3.8076,4.75,43.08,2.98,0.0,40.0,117.0,2,winter,0,2019-02-01
2019,56,3.7289,3.81,3.56,41.65,2.69,0.0,40.0,117.0,2,winter,0,2019-02-01
2019,57,0.2618,1.9255,3.34,43.0,2.44,0.03,40.0,117.0,2,winter,0,2019-02-01
2019,58,6.3298,4.4054,4.25,45.86,2.37,0.02,40.0,117.0,2,winter,1,2019-02-01
2019,59,6.2249,4.435,5.35,43.43,2.79,0.0,40.0,117.0,2,winter,1,2019-02-01
2019,60,5.4408,4.2648,6.15,51.75,2.41,0.0,40.0,117.0,2,winter,1,2019-02-01
2019,61,3.5378,3.6646,6.03,57.13,3.21,0.0,40.0,117.0,3,spring,0,2019-03-01
2019,62,1.5146,3.0259,5.51,56.77,2.95,0.0,40.0,117.0,3,spring,0,2019-03-01
2019,63,5.9434,4.5929,7.84,44.03,2.72,0.0,40.0,117.0,3,spring,1,2019-03-01
2019,64,6.7548,4.7782,8.56,44.38,4.73,0.0,40.0,117.0,3,spring,1,2019-03-01
2019,65,5.1679,4.1921,4.58,34.04,5.35,0.01,40.0,117.0,3,spring,1,2019-03-01
2019,66,9.756,5.4442,3.56,33.13,3.59,0.0,40.0,117.0,3,spring,1,2019-03-01
2019,67,4.3848,4.3999,4.87,39.92,3.48,0.0,40.0,117.0,3,spring,0,2019-03-01
2019,68,0.4306,2.821,5.39,47.01,2.04,0.03,40.0,117.0,3,spring,0,2019-03-01
2019,69,1.7443,3.2453,5.53,56.43,2.67,0.6,40.0,117.0,3,spring,0,2019-03-01
2019,70,8.0964,5.159,6.96,40.13,6.08,0.0,40.0,117.0,3,spring,1,2019-03-01
2019,71,10.488,5.8025,3.79,23.47,4.77,0.0,40.0,117.0,3,spring,1,2019-03-01
2019,72,9.3355,5.6501,6.22,26.59,3.89,0.0,40.0,117.0,3,spring,1,2019-03-01
2019,73,6.6022,4.6908,7.15,29.22,4.64,0.0,40.0,117.0,3,spring,1,2019-03-01
2019,74,8.7336,5.5908,5.83,32.71,3.95,0.0,40.0,117.0,3,spring,1,2019-03-01
2019,75,8.269,5.3974,7.99,39.7,4.04,0.0,40.0,117.0,3,spring,1,2019-03-01
2019,76,8.287,5.5541,10.0,34.52,4.02,0.0,40.0,117.0,3,spring,1,2019-03-01
2019,77,2.9575,4.2101,10.8,49.21,3.11,0.0,40.0,117.0,3,spring,0,2019-03-01
2019,78,4.1827,4.6032,13.04,51.12,3.19,0.0,40.0,117.0,3,spring,0,2019-03-01
2019,79,0.2098,2.4737,13.11,67.32,3.73,2.76,40.0,117.0,3,spring,0,2019-03-01
2019,80,10.6973,6.3283,6.26,26.32,6.55,0.0,40.0,117.0,3,spring,1,2019-03-01
2019,81,8.3748,5.7564,6.39,26.13,5.13,0.0,40.0,117.0,3,spring,1,2019-03-01
2019,82,11.1852,6.4723,4.67,26.42,4.3,0.0,40.0,117.0,3,spring,1,2019-03-01
2019,83,9.3434,6.2016,7.95,25.66,4.34,0.0,40.0,117.0,3,spring,1,2019-03-01
2019,84,10.0574,6.3494,11.66,23.39,4.34,0.0,40.0,117.0,3,spring,1,2019-03-01
2019,85,4.9838,5.239,9.26,41.7,3.31,0.0,40.0,117.0,3,spring,1,2019-03-01
2019,86,6.5038,5.6882,11.4,34.26,3.29,0.0,40.0,117.0,3,spring,1,2019-03-01
2019,87,0.4598,2.5118,4.79,44.04,2.46,0.07,40.0,117.0,3,spring,0,2019-03-01
2019,88,2.9275,3.5273,6.43,42.51,5.13,0.16,40.0,117.0,3,spring,0,2019-03-01
2019,89,7.1822,5.6558,5.17,23.83,7.03,0.0,40.0,117.0,3,spring,1,2019-03-01
2019,90,7.026,5.7737,7.53,24.72,3.93,0.0,40.0,117.0,3,spring,1,2019-03-01
2019,91,10.2895,6.7152,8.66,27.68,3.59,0.0,40.0,117.0,3,spring,1,2019-03-01
2019,92,8.1653,6.0598,9.84,31.88,2.84,0.0,40.0,117.0,4,spring,1,2019-04-01
2019,93,9.8352,6.6624,9.78,42.5,3.02,0.0,40.0,117.0,4,spring,1,2019-04-01
2019,94,7.8468,6.2765,16.75,24.41,4.84,0.0,40.0,117.0,4,spring,1,2019-04-01
2019,95,2.983,5.0311,12.82,23.05,4.87,0.0,40.0,117.0,4,spring,0,2019-04-01
2019,96,6.0576,6.066,13.21,28.0,3.38,0.0,40.0,117.0,4,spring,1,2019-04-01
2019,97,3.2786,4.8607,11.03,35.9,3.83,0.0,40.0,117.0,4,spring,0,2019-04-01
2019,98,5.2529,5.9227,10.78,29.87,3.6,0.0,40.0,117.0,4,spring,1,2019-04-01
2019,99,0.6823,2.3594,8.64,46.53,2.77,3.09,40.0,117.0,4,spring,0,2019-04-01
2019,100,9.5928,7.0385,11.65,36.6,2.91,0.0,40.0,117.0,4,spring,1,2019-04-01
2019,101,4.9903,5.4211,12.48,42.42,3.25,0.07,40.0,117.0,4,spring,1,2019-04-01
2019,102,6.4699,6.3636,12.87,44.84,4.46,0.04,40.0,117.0,4,spring,1,2019-04-01
2019,103,1.5386,3.8124,13.95,40.1,3.55,0.05,40.0,117.0,4,spring,0,2019-04-01
2019,104,10.2754,6.997,14.83,19.11,4.8,0.0,40.0,117.0,4,spring,1,2019-04-01
2019,105,10.2406,7.277,17.09,20.95,4.11,0.0,40.0,117.0,4,spring,1,2019-04-01
2019,106,6.1546,6.299,18.11,40.14,3.16,0.0,40.0,117.0,4,spring,1,2019-04-01
2019,107,3.6679,5.1,19.63,42.56,4.93,0.0,40.0,117.0,4,spring,0,2019-04-01
2019,108,3.3806,5.6693,18.32,20.04,5.7,0.0,40.0,117.0,4,spring,0,2019-04-01
2019,109,4.3368,6.0166,13.95,31.28,2.88,1.36,40.0,117.0,4,spring,0,2019-04-01
2019,110,0.0552,2.7653,11.57,62.31,1.49,2.14,40.0,117.0,4,spring,0,2019-04-01
2019,111,4.8886,6.4008,15.56,41.92,3.32,0.0,40.0,117.0,4,spring,1,2019-04-01
2019,112,5.3078,6.281,17.14,57.39,4.09,0.0,40.0,117.0,4,spring,1,2019-04-01
2019,113,3.6528,5.4948,20.69,63.13,3.77,0.01,40.0,117.0,4,spring,0,2019-04-01
2019,114,0.0242,0.6866,13.68,60.51,5.99,20.17,40.0,117.0,4,spring,0,2019-04-01
2019,115,9.3946,7.4837,11.92,48.39,2.59,0.37,40.0,117.0,4,spring,1,2019-04-01
2019,116,9.0578,7.3102,13.75,49.71,2.63,1.75,40.0,117.0,4,spring,1,2019-04-01
2019,117,0.1651,1.6054,9.86,69.55,3.4,4.26,40.0,117.0,4,spring,0,2019-04-01
2019,118,0.9084,3.5249,11.87,69.17,3.64,0.2,40.0,117.0,4,spring,0,2019-04-01
2019,119,0.4522,3.6569,15.19,62.15,3.52,0.02,40.0,117.0,4,spring,0,2019-04-01
2019,120,7.9469,7.134,17.25,35.69,5.96,0.0,40.0,117.0,4,spring,1,2019-04-01
2019,121,11.2927,7.9834,19.12,25.1,4.16,0.0,40.0,117.0,4,spring,1,2019-04-01
2019,123,2.3618,5.6602,22.19,28.74,3.15,0.0,40.0,117.0,5,spring,0,2019-05-01
2019,124,3.3578,5.8661,21.07,42.95,2.29,0.02,40.0,117.0,5,spring,0,2019-05-01
2019,125,10.0682,7.9766,17.77,30.3,5.96,0.55,40.0,117.0,5,spring,1,2019-05-01
2019,126,11.9239,8.238,16.62,23.18,3.69,0.0,40.0,117.0,5,spring,1,2019-05-01
2019,127,11.705,8.3534,19.51,23.26,3.89,0.0,40.0,117.0,5,spring,1,2019-05-01
2019,128,1.5458,5.5805,18.39,35.7,2.5,0.0,40.0,117.0,5,spring,0,2019-05-01
2019,129,9.2465,7.8266,21.59,27.01,3.32,0.0,40.0,117.0,5,spring,1,2019-05-01
2019,130,4.739,6.5309,21.99,33.38,3.88,0.0,40.0,117.0,5,spring,0,2019-05-01
2019,131,4.175,6.0526,21.39,48.86,3.32,1.58,40.0,117.0,5,spring,0,2019-05-01
2019,132,0.4159,1.951,16.17,54.84,4.38,5.1,40.0,117.0,5,spring,0,2019-05-01
2019,133,10.4938,8.4298,16.12,25.75,4.93,0.0,40.0,117.0,5,spring,1,2019-05-01
2019,134,7.5761,7.6634,17.91,38.26,2.66,0.0,40.0,117.0,5,spring,1,2019-05-01
2019,135,1.4014,4.8545,21.44,46.83,3.88,0.51,40.0,117.0,5,spring,0,2019-05-01
2019,136,6.0192,7.4064,24.37,38.66,3.26,0.0,40.0,117.0,5,spring,1,2019-05-01
2019,137,2.3093,4.9397,24.63,55.4,4.59,3.7,40.0,117.0,5,spring,0,2019-05-01
2019,138,0.0826,2.831,21.81,65.05,5.33,2.81,40.0,117.0,5,spring,0,2019-05-01
2019,139,3.9646,5.5627,18.73,45.47,7.91,8.56,40.0,117.0,5,spring,0,2019-05-01
2019,140,10.5982,8.2114,18.47,27.47,5.94,0.07,40.0,117.0,5,spring,1,2019-05-01
2019,142,8.496,7.7638,25.32,26.06,3.42,0.0,40.0,117.0,5,spring,1,2019-05-01
2019,143,10.6889,8.2927,27.54,25.46,3.56,0.0,40.0,117.0,5,spring,1,2019-05-01
2019,144,2.1202,6.0487,25.5,31.54,3.94,0.0,40.0,117.0,5,spring,0,2019-05-01
2019,145,6.3715,7.2751,27.7,39.45,3.73,0.0,40.0,117.0,5,spring,1,2019-05-01
2019,146,0.1008,0.9828,22.51,58.02,5.4,28.69,40.0,117.0,5,spring,0,2019-05-01
2019,147,11.0134,8.5877,21.31,36.95,5.15,0.0,40.0,117.0,5,spring,1,2019-05-01
2019,148,11.9525,8.7648,24.47,27.81,4.01,0.0,40.0,117.0,5,spring,1,2019-05-01
2019,149,9.4082,8.3779,25.66,29.08,3.15,0.0,40.0,117.0,5,spring,1,2019-05-01
2019,150,3.7145,5.9268,23.84,29.14,3.93,0.0,40.0,117.0,5,spring,0,2019-05-01
2019,152,1.9176,5.4552,22.99,38.23,2.79,0.4,40.0,117.0,5,spring,0,2019-05-01
2019,153,2.6676,5.7766,24.99,46.09,3.08,2.07,40.0,117.0,6,summer,0,2019-06-01
2019,154,7.7042,7.7294,25.59,37.42,3.19,0.07,40.0,117.0,6,summer,1,2019-06-01
2019,155,2.471,4.7878,22.86,56.7,3.81,0.14,40.0,117.0,6,summer,0,2019-06-01
2019,156,1.1664,5.575,23.47,46.39,2.93,0.41,40.0,117.0,6,summer,0,2019-06-01
2019,157,1.0226,4.2257,21.89,65.64,1.91,1.74,40.0,117.0,6,summer,0,2019-06-01
2019,158,3.1608,5.8927,24.59,55.82,2.89,0.05,40.0,117.0,6,summer,0,2019-06-01
2019,159,6.0658,6.625,27.74,36.02,3.66,0.03,40.0,117.0,6,summer,1,2019-06-01
2019,160,6.3559,6.9982,25.36,36.58,4.57,0.03,40.0,117.0,6,summer,1,2019-06-01
2019,161,7.6682,7.3822,26.98,37.38,2.4,0.87,40.0,117.0,6,summer,1,2019-06-01
2019,162,7.2665,7.6438,25.66,50.4,2.85,1.21,40.0,117.0,6,summer,1,2019-06-01
2019,163,3.6886,5.8694,25.44,54.86,2.95,5.01,40.0,117.0,6,summer,0,2019-06-01
2019,164,2.0916,4.9342,26.43,57.7,1.98,0.79,40.0,117.0,6,summer,0,2019-06-01
2019,165,11.2445,8.6138,27.86,38.1,3.22,0.0,40.0,117.0,6,summer,1,2019-06-01
2019,166,6.2801,7.279,25.65,42.37,2.77,0.01,40.0,117.0,6,summer,1,2019-06-01
2019,167,0.1217,1.3102,20.78,62.31,2.99,4.96,40.0,117.0,6,summer,0,2019-06-01
2019,168,2.0093,4.6262,23.79,54.39,1.71,0.1,40.0,117.0,6,summer,0,2019-06-01
2019,169,3.6014,5.8526,27.53,47.71,2.17,0.05,40.0,117.0,6,summer,0,2019-06-01
2019,170,1.8943,5.25,26.67,54.6,3.31,0.21,40.0,117.0,6,summer,0,2019-06-01
2019,171,4.302,6.4236,28.07,49.19,1.98,0.36,40.0,117.0,6,summer,0,2019-06-01
2019,172,1.721,4.9082,27.54,47.95,3.57,0.41,40.0,117.0,6,summer,0,2019-06-01
2019,173,8.3066,7.8146,29.47,31.97,1.86,0.0,40.0,117.0,6,summer,1,2019-06-01
2019,174,6.0187,7.1938,29.35,38.89,2.89,0.0,40.0,117.0,6,summer,1,2019-06-01
2019,175,4.2511,6.7313,30.62,35.57,3.72,0.0,40.0,117.0,6,summer,0,2019-06-01
2019,176,1.344,5.1677,30.34,41.02,4.47,0.0,40.0,117.0,6,summer,0,2019-06-01
2019,177,1.8504,5.4866,29.29,40.18,3.95,0.0,40.0,117.0,6,summer,0,2019-06-01
2019,178,0.9391,4.4153,28.94,38.55,2.27,0.54,40.0,117.0,6,summer,0,2019-06-01
2019,179,2.4595,5.4266,28.5,50.23,2.64,2.91,40.0,117.0,6,summer,0,2019-06-01
2019,180,6.6638,6.9458,28.61,37.6,4.22,0.93,40.0,117.0,6,summer,1,2019-06-01
2019,181,5.9561,6.6374,27.99,33.26,3.47,0.03,40.0,117.0,6,summer,1,2019-06-01
2019,182,9.4289,8.177,28.79,28.52,2.84,0.0,40.0,117.0,6,summer,1,2019-06-01
2019,183,2.6078,5.1144,29.16,32.92,1.85,0.55,40.0,117.0,7,summer,0,2019-07-01
2019,184,9.9535,8.1646,30.37,32.53,2.03,0.5,40.0,117.0,7,summer,1,2019-07-01
2019,185,7.6795,7.6001,32.73,27.21,4.04,0.0,40.0,117.0,7,summer,1,2019-07-01
2019,186,0.2882,1.987,27.98,51.57,3.81,16.85,40.0,117.0,7,summer,0,2019-07-01
2019,187,0.0329,2.1792,23.38,72.12,4.18,12.02,40.0,117.0,7,summer,0,2019-07-01
2019,188,1.1587,4.5019,23.82,67.14,3.53,6.33,40.0,117.0,7,summer,0,2019-07-01
2019,189,4.5497,6.5695,26.6,53.69,2.47,0.04,40.0,117.0,7,summer,0,2019-07-01
2019,190,0.0271,2.401,26.2,55.7,1.12,2.62,40.0,117.0,7,summer,0,2019-07-01
2019,191,1.5175,5.3998,25.02,64.24,3.31,3.69,40.0,117.0,7,summer,0,2019-07-01
2019,192,4.2542,6.4555,26.15,53.58,2.08,0.18,40.0,117.0,7,summer,0,2019-07-01
2019,193,6.533,7.3855,28.25,49.34,2.4,0.05,40.0,117.0,7,summer,1,2019-07-01
2019,194,6.5681,7.1386,28.66,56.29,2.37,2.46,40.0,117.0,7,summer,1,2019-07-01
2019,195,5.8104,6.821,28.4,55.79,2.06,1.16,40.0,117.0,7,summer,1,2019-07-01
2019,196,5.7283,7.0493,28.8,54.6,2.16,0.0,40.0,117.0,7,summer,1,2019-07-01
2019,197,0.3142,3.8342,27.9,57.93,2.58,0.07,40.0,117.0,7,summer,0,2019-07-01
2019,198,0.2182,2.1602,27.23,68.33,1.46,5.32,40.0,117.0,7,summer,0,2019-07-01
2019,199,2.0933,5.1538,29.04,63.68,2.16,0.34,40.0,117.0,7,summer,0,2019-07-01
2019,200,0.3319,3.8743,28.1,61.94,2.47,4.17,40.0,117.0,7,summer,0,2019-07-01
2019,201,0.0758,2.2267,25.75,74.78,2.13,1.42,40.0,117.0,7,summer,0,2019-07-01
2019,202,6.8616,6.786,31.12,56.09,1.87,0.61,40.0,117.0,7,summer,1,2019-07-01
2019,203,0.0718,2.7641,30.37,60.02,2.35,22.1,40.0,117.0,7,summer,0,2019-07-01
2019,204,5.0333,5.5982,29.38,67.8,2.07,13.61,40.0,117.0,7,summer,1,2019-07-01
2019,205,5.0736,6.3146,29.99,61.08,2.51,0.05,40.0,117.0,7,summer,1,2019-07-01
2019,206,4.789,6.3612,31.2,55.07,3.73,1.62,40.0,117.0,7,summer,0,2019-07-01
2019,207,6.2321,6.9662,29.82,67.26,2.18,3.61,40.0,117.0,7,summer,1,2019-07-01
2019,208,4.5302,6.1366,31.67,58.54,4.04,0.01,40.0,117.0,7,summer,0,2019-07-01
2019,209,1.4484,4.9711,30.82,65.22,3.03,2.95,40.0,117.0,7,summer,0,2019-07-01
2019,210,0.4886,2.0098,26.02,85.3,3.51,41.28,40.0,117.0,7,summer,0,2019-07-01
2019,211,6.7346,7.08,26.63,75.61,2.59,0.52,40.0,117.0,7,summer,1,2019-07-01
2019,212,8.2954,7.4875,28.96,62.34,2.36,0.21,40.0,117.0,7,summer,1,2019-07-01
2019,213,3.636,6.0653,28.69,74.27,2.38,6.31,40.0,117.0,7,summer,0,2019-07-01
2019,214,0.0206,2.2848,25.52,84.16,2.52,8.39,40.0,117.0,8,summer,0,2019-08-01
2019,215,2.8601,5.6431,26.84,72.33,1.54,0.29,40.0,117.0,8,summer,0,2019-08-01
2019,216,0.049,3.1157,26.22,77.7,1.92,4.86,40.0,117.0,8,summer,0,2019-08-01
2019,217,0.3857,3.3871,26.1,88.06,3.19,16.22,40.0,117.0,8,summer,0,2019-08-01
2019,218,0.5978,4.5127,25.98,91.78,2.35,18.56,40.0,117.0,8,summer,0,2019-08-01
2019,219,0.5436,3.6084,26.08,88.89,2.34,5.39,40.0,117.0,8,summer,0,2019-08-01
2019,220,4.5187,6.0086,27.43,78.8,1.88,0.01,40.0,117.0,8,summer,0,2019-08-01
2019,221,0.1548,3.0754,26.6,84.95,2.23,5.84,40.0,117.0,8,summer,0,2019-08-01
2019,222,0.0478,2.2414,25.62,84.0,1.25,15.26,40.0,117.0,8,summer,0,2019-08-01
2019,223,0.0581,1.663,24.65,87.48,3.39,12.23,40.0,117.0,8,summer,0,2019-08-01
2019,224,0.0482,2.1362,23.55,81.31,6.42,9.69,40.0,117.0,8,summer,0,2019-08-01
2019,225,2.0926,4.3781,25.95,72.46,3.83,0.04,40.0,117.0,8,summer,0,2019-08-01
2019,226,2.0429,4.9181,26.61,66.33,2.2,0.0,40.0,117.0,8,summer,0,2019-08-01
2019,227,8.3458,7.0922,26.29,66.67,1.81,1.82,40.0,117.0,8,summer,1,2019-08-01
2019,228,4.7515,5.478,23.59,64.89,4.56,4.28,40.0,117.0,8,summer,0,2019-08-01
2019,229,8.1022,6.9343,24.86,48.54,3.47,0.0,40.0,117.0,8,summer,1,2019-08-01
2019,230,7.0454,6.7666,24.54,51.36,2.58,0.0,40.0,117.0,8,summer,1,2019-08-01
2019,231,3.5174,5.5349,25.22,65.84,2.96,0.0,40.0,117.0,8,summer,0,2019-08-01
2019,232,0.161,1.075,22.6,81.03,2.48,5.11,40.0,117.0,8,summer,0,2019-08-01
2019,233,7.1095,6.6982,24.01,60.58,2.27,0.02,40.0,117.0,8,summer,1,2019-08-01
2019,234,2.963,5.0803,24.78,46.38,3.19,0.0,40.0,117.0,8,summer,0,2019-08-01
2019,235,6.3101,6.4346,23.98,51.83,3.18,0.0,40.0,117.0,8,summer,1,2019-08-01
2019,236,7.9966,6.6206,25.72,53.14,2.34,0.0,40.0,117.0,8,summer,1,2019-08-01
2019,237,8.2735,6.703,24.91,62.57,2.94,0.0,40.0,117.0,8,summer,1,2019-08-01
2019,238,0.1786,2.6592,23.54,78.12,1.63,0.85,40.0,117.0,8,summer,0,2019-08-01
2019,239,8.4238,6.6768,25.62,50.49,2.84,0.0,40.0,117.0,8,summer,1,2019-08-01
2019,240,7.2446,5.8442,24.29,40.32,5.5,0.0,40.0,117.0,8,summer,1,2019-08-01
2019,241,6.5791,6.0262,23.49,46.61,3.65,0.0,40.0,117.0,8,summer,1,2019-08-01
2019,242,8.5387,6.5066,23.89,46.61,3.4,0.0,40.0,117.0,8,summer,1,2019-08-01
2019,243,7.9104,6.3914,24.2,46.7,1.77,0.0,40.0,117.0,8,summer,1,2019-08-01
2019,244,7.2924,6.1493,25.17,48.27,2.65,0.01,40.0,117.0,8,summer,1,2019-08-01
2019,245,7.7842,6.2597,25.1,54.76,2.16,0.01,40.0,117.0,9,autumn,1,2019-09-01
2019,246,7.0786,6.0437,25.55,59.23,2.02,0.0,40.0,117.0,9,autumn,1,2019-09-01
2019,247,2.8099,4.5427,24.83,57.23,1.79,0.0,40.0,117.0,9,autumn,0,2019-09-01
2019,248,5.3551,5.6542,25.58,51.17,1.9,0.0,40.0,117.0,9,autumn,1,2019-09-01
2019,249,7.0366,5.9479,25.59,52.18,1.97,0.0,40.0,117.0,9,autumn,1,2019-09-01
2019,250,7.5979,6.0768,27.01,51.69,1.83,0.0,40.0,117.0,9,autumn,1,2019-09-01
2019,251,6.1282,5.7655,28.33,47.3,2.25,0.24,40.0,117.0,9,autumn,1,2019-09-01
2019,252,0.3173,2.5759,26.75,62.78,3.65,6.73,40.0,117.0,9,autumn,0,2019-09-01
2019,253,0.2004,1.9882,20.65,84.23,2.45,27.09,40.0,117.0,9,autumn,0,2019-09-01
2019,254,1.9987,4.3094,21.64,58.77,2.2,0.07,40.0,117.0,9,autumn,0,2019-09-01
2019,255,0.4186,2.8572,21.19,68.15,2.07,1.81,40.0,117.0,9,autumn,0,2019-09-01
2019,256,1.1482,3.4999,22.03,68.85,2.22,22.14,40.0,117.0,9,autumn,0,2019-09-01
2019,257,6.6166,5.6954,22.07,54.28,2.58,0.01,40.0,117.0,9,autumn,1,2019-09-01
2019,258,2.1362,4.301,21.23,67.45,2.24,0.0,40.0,117.0,9,autumn,0,2019-09-01
2019,259,9.828,6.1961,19.55,50.41,3.04,0.0,40.0,117.0,9,autumn,1,2019-09-01
2019,260,4.9373,5.0599,19.95,62.27,2.91,0.0,40.0,117.0,9,autumn,1,2019-09-01
2019,261,10.4006,6.2803,17.73,42.66,2.83,0.0,40.0,117.0,9,autumn,1,2019-09-01
2019,262,1.266,3.9989,16.96,58.57,2.36,0.0,40.0,117.0,9,autumn,0,2019-09-01
2019,263,5.5289,5.1046,20.21,58.58,1.36,0.0,40.0,117.0,9,autumn,1,2019-09-01
2019,264,5.9803,5.0309,21.59,56.58,2.6,0.0,40.0,117.0,9,autumn,1,2019-09-01
2019,265,7.6541,5.3878,21.54,60.14,1.6,0.0,40.0,117.0,9,autumn,1,2019-09-01
2019,266,9.3149,5.7708,22.82,46.46,2.41,0.0,40.0,117.0,9,autumn,1,2019-09-01
2019,267,8.2932,5.5003,23.29,42.07,3.19,0.0,40.0,117.0,9,autumn,1,2019-09-01
2019,268,8.609,5.497,22.11,51.9,2.39,0.0,40.0,117.0,9,autumn,1,2019-09-01
2019,269,7.8696,5.346,21.71,51.66,2.15,0.0,40.0,117.0,9,autumn,1,2019-09-01
2019,270,6.1181,4.8583,21.03,64.75,2.49,0.0,40.0,117.0,9,autumn,1,2019-09-01
2019,271,5.3678,4.6114,21.79,65.65,2.12,0.19,40.0,117.0,9,autumn,1,2019-09-01
2019,272,4.422,4.3565,22.91,56.67,2.4,0.0,40.0,117.0,9,autumn,0,2019-09-01
2019,273,3.9989,4.2194,23.0,65.45,2.86,0.0,40.0,117.0,9,autumn,0,2019-09-01
2019,274,3.8827,4.0793,22.73,61.78,3.04,0.0,40.0,117.0,9,autumn,0,2019-09-01
2019,275,4.8766,4.3548,22.63,62.72,2.13,0.0,40.0,117.0,10,autumn,1,2019-10-01
2019,276,2.9446,3.7222,23.33,53.55,2.99,0.03,40.0,117.0,10,autumn,0,2019-10-01
2019,277,0.1639,1.9829,12.35,60.25,5.05,11.19,40.0,117.0,10,autumn,0,2019-10-01
2019,278,9.1906,5.2709,12.48,45.8,2.56,0.0,40.0,117.0,10,autumn,1,2019-10-01
2019,279,1.211,3.4524,13.1,47.8,1.95,0.0,40.0,117.0,10,autumn,0,2019-10-01
2019,280,8.7775,5.0986,15.51,52.3,3.22,0.0,40.0,117.0,10,autumn,1,2019-10-01
2019,281,9.839,5.226,13.46,40.57,3.09,0.0,40.0,117.0,10,autumn,1,2019-10-01
2019,282,5.8013,4.387,14.34,55.13,2.65,0.0,40.0,117.0,10,autumn,1,2019-10-01
2019,283,2.9258,3.4423,15.83,72.64,2.05,0.0,40.0,117.0,10,autumn,0,2019-10-01
2019,284,0.9862,2.0566,15.51,52.13,3.19,0.0,40.0,117.0,10,autumn,0,2019-10-01
2019,285,0.1771,1.5086,15.05,50.44,2.42,0.0,40.0,117.0,10,autumn,0,2019-10-01
2019,286,0.3626,0.7846,10.06,69.05,2.94,2.34,40.0,117.0,10,autumn,0,2019-10-01
2019,287,9.0588,4.7357,7.48,39.87,2.93,0.0,40.0,117.0,10,autumn,1,2019-10-01
2019,288,8.6633,4.7342,9.33,40.06,2.51,0.0,40.0,117.0,10,autumn,1,2019-10-01
2019,289,2.3897,3.5182,10.81,48.56,2.42,0.07,40.0,117.0,10,autumn,0,2019-10-01
2019,290,1.5382,2.9328,11.32,71.49,1.64,0.58,40.0,117.0,10,autumn,0,2019-10-01
2019,291,3.2398,3.3019,12.72,69.26,2.12,0.01,40.0,117.0,10,autumn,0,2019-10-01
2019,292,0.9672,1.8514,13.01,77.76,2.22,0.01,40.0,117.0,10,autumn,0,2019-10-01
2019,293,4.3714,3.9442,14.52,51.89,3.46,0.0,40.0,117.0,10,autumn,0,2019-10-01
2019,294,7.4062,4.2103,12.84,33.48,2.87,0.0,40.0,117.0,10,autumn,1,2019-10-01
2019,295,4.4902,3.6955,14.11,47.06,1.77,0.0,40.0,117.0,10,autumn,0,2019-10-01
2019,296,2.0669,2.779,15.16,59.95,2.19,0.0,40.0,117.0,10,autumn,0,2019-10-01
2019,297,0.0348,0.5642,11.39,75.69,3.49,3.82,40.0,117.0,10,autumn,0,2019-10-01
2019,298,8.3947,4.1657,7.54,39.31,3.08,0.0,40.0,117.0,10,autumn,1,2019-10-01
2019,299,7.0313,3.8434,7.9,49.43,3.35,3.92,40.0,117.0,10,autumn,1,2019-10-01
2019,300,7.5139,4.0226,9.31,53.44,2.97,0.0,40.0,117.0,10,autumn,1,2019-10-01
2019,301,7.3214,3.9482,8.01,44.42,5.01,0.0,40.0,117.0,10,autumn,1,2019-10-01
2019,302,7.1957,3.8374,7.83,40.32,2.94,0.0,40.0,117.0,10,autumn,1,2019-10-01
2019,303,7.1544,3.8606,11.46,50.71,2.41,0.0,40.0,117.0,10,autumn,1,2019-10-01
2019,304,6.9569,3.6924,14.72,41.78,3.16,0.0,40.0,117.0,10,autumn,1,2019-10-01
2019,305,3.0919,3.1334,12.45,48.92,3.2,0.0,40.0,117.0,10,autumn,0,2019-10-01
2019,306,0.0838,0.943,12.07,71.14,1.9,1.28,40.0,117.0,11,autumn,0,2019-11-01
2019,307,2.8356,2.3621,9.83,46.1,3.18,0.88,40.0,117.0,11,autumn,0,2019-11-01
2019,308,6.2105,3.4308,8.28,64.82,2.15,1.63,40.0,117.0,11,autumn,1,2019-11-01
2019,309,6.8525,3.4778,8.72,57.78,3.02,0.0,40.0,117.0,11,autumn,1,2019-11-01
2019,310,0.7774,1.3591,8.12,69.22,1.86,0.0,40.0,117.0,11,autumn,0,2019-11-01
2019,311,8.4444,3.7164,5.58,46.28,3.03,0.0,40.0,117.0,11,autumn,1,2019-11-01
2019,312,7.5161,3.5054,7.19,47.57,2.08,0.0,40.0,117.0,11,autumn,1,2019-11-01
2019,313,1.6481,2.2865,8.31,66.78,2.23,5.13,40.0,117.0,11,autumn,0,2019-11-01
2019,314,2.063,1.8898,10.0,60.62,6.13,8.7,40.0,117.0,11,autumn,0,2019-11-01
2019,315,6.8215,3.2345,8.65,62.04,3.31,17.38,40.0,117.0,11,autumn,1,2019-11-01
2019,316,2.4955,2.5723,10.4,69.08,1.96,0.0,40.0,117.0,11,autumn,0,2019-11-01
2019,317,7.2192,3.4164,3.47,35.63,6.24,0.0,40.0,117.0,11,autumn,1,2019-11-01
2019,318,4.0896,2.8498,1.73,45.38,2.03,0.0,40.0,117.0,11,autumn,0,2019-11-01
2019,319,4.6644,2.933,2.94,65.27,2.96,0.0,40.0,117.0,11,autumn,0,2019-11-01
2019,320,0.3358,0.9943,4.97,70.67,3.51,0.02,40.0,117.0,11,autumn,0,2019-11-01
2019,321,0.1286,0.9324,5.85,45.05,5.67,0.27,40.0,117.0,11,autumn,0,2019-11-01
2019,322,8.3772,3.3823,-2.34,32.37,5.18,0.0,40.0,117.0,11,autumn,1,2019-11-01
2019,323,7.6135,3.2662,-0.9,38.89,2.93,0.0,40.0,117.0,11,autumn,1,2019-11-01
2019,324,4.1575,2.6791,1.19,47.44,1.4,0.0,40.0,117.0,11,autumn,0,2019-11-01
2019,325,0.1327,0.8222,2.73,68.5,1.77,0.15,40.0,117.0,11,autumn,0,2019-11-01
2019,326,0.3216,1.0423,5.95,79.57,1.84,0.0,40.0,117.0,11,autumn,0,2019-11-01
2019,327,0.0574,0.8854,6.56,83.87,2.64,0.0,40.0,117.0,11,autumn,0,2019-11-01
2019,328,7.1136,3.031,1.58,35.5,6.1,0.0,40.0,117.0,11,autumn,1,2019-11-01
2019,329,8.0518,3.1277,-3.05,43.41,2.78,0.01,40.0,117.0,11,autumn,1,2019-11-01
2019,330,5.1259,2.7374,-1.01,48.45,2.18,0.0,40.0,117.0,11,autumn,1,2019-11-01
2019,331,7.572,3.0197,-1.49,44.1,2.7,0.0,40.0,117.0,11,autumn,1,2019-11-01
2019,332,6.7879,2.8474,-1.99,47.02,1.48,0.0,40.0,117.0,11,autumn,1,2019-11-01
2019,333,1.7047,1.9128,-1.62,60.61,2.26,1.94,40.0,117.0,11,autumn,0,2019-11-01
2019,334,2.1336,1.8583,-0.95,68.34,2.67,0.82,40.0,117.0,11,autumn,0,2019-11-01
2019,335,6.3096,2.7408,-2.05,46.42,4.14,0.0,40.0,117.0,11,autumn,1,2019-11-01
2019,336,7.0505,2.8181,-2.78,46.14,4.53,0.0,40.0,117.0,12,winter,1,2019-12-01
2019,337,7.038,2.7794,-0.87,52.0,3.75,0.0,40.0,117.0,12,winter,1,2019-12-01
2019,338,6.5585,2.7101,-0.12,51.88,3.7,0.0,40.0,117.0,12,winter,1,2019-12-01
2019,339,7.7863,2.9203,-4.27,47.57,3.0,0.0,40.0,117.0,12,winter,1,2019-12-01
2019,340,5.2783,2.4782,-4.72,71.37,2.07,0.0,40.0,117.0,12,winter,1,2019-12-01
2019,341,7.1527,2.7862,-2.53,64.11,2.74,0.0,40.0,117.0,12,winter,1,2019-12-01
2019,342,2.4936,1.781,-3.05,84.34,1.55,0.0,40.0,117.0,12,winter,0,2019-12-01
2019,343,5.0647,2.4581,-0.66,73.68,1.88,0.0,40.0,117.0,12,winter,1,2019-12-01
2019,344,3.1824,1.9142,0.36,66.68,3.52,0.01,40.0,117.0,12,winter,0,2019-12-01
2019,345,7.3558,2.7617,-1.61,46.21,4.76,0.0,40.0,117.0,12,winter,1,2019-12-01
2019,346,6.5513,2.5867,-3.19,45.3,2.56,0.0,40.0,117.0,12,winter,1,2019-12-01
2019,347,7.193,2.701,-0.48,47.69,3.45,0.0,40.0,117.0,12,winter,1,2019-12-01
2019,348,6.3055,2.6186,-1.48,59.01,3.02,0.0,40.0,117.0,12,winter,1,2019-12-01
2019,349,2.0438,1.8492,-0.06,74.07,1.3,0.51,40.0,117.0,12,winter,0,2019-12-01
2019,350,0.1918,0.5388,-0.04,87.81,1.8,5.32,40.0,117.0,12,winter,0,2019-12-01
2019,351,4.2151,1.9378,-2.32,55.19,4.38,0.0,40.0,117.0,12,winter,0,2019-12-01
2019,352,4.907,2.195,-5.17,59.43,2.61,0.0,40.0,117.0,12,winter,1,2019-12-01
2019,353,6.2506,2.4962,-5.3,54.65,3.83,0.0,40.0,117.0,12,winter,1,2019-12-01
2019,354,5.2668,2.2142,-5.89,52.46,2.42,0.0,40.0,117.0,12,winter,1,2019-12-01
2019,355,3.5597,2.0976,-3.25,56.94,2.16,0.0,40.0,117.0,12,winter,0,2019-12-01
2019,356,1.9567,1.8168,-1.67,64.93,2.28,0.0,40.0,117.0,12,winter,0,2019-12-01
2019,357,2.8546,1.9682,-4.17,67.34,2.95,0.0,40.0,117.0,12,winter,0,2019-12-01
2019,358,0.0449,0.4476,-2.95,81.4,2.73,0.04,40.0,117.0,12,winter,0,2019-12-01
2019,359,1.5439,1.7381,-2.23,68.8,2.68,0.0,40.0,117.0,12,winter,0,2019-12-01
2019,360,5.3191,2.3554,-2.43,51.13,2.66,0.0,40.0,117.0,12,winter,1,2019-12-01
2019,361,4.4779,2.2042,-3.51,52.72,2.21,0.0,40.0,117.0,12,winter,0,2019-12-01
2019,362,2.2538,1.8643,-2.42,71.19,2.4,0.0,40.0,117.0,12,winter,0,2019-12-01
2019,363,0.7214,1.1902,-1.35,70.01,3.98,0.0,40.0,117.0,12,winter,0,2019-12-01
2019,364,7.1846,2.7734,-9.35,40.65,6.12,0.0,40.0,117.0,12,winter,1,2019-12-01
2019,365,6.7762,2.581,-11.25,50.99,2.97,0.0,40.0,117.0,12,winter,1,2019-12-01
2020,1,6.0353,2.5606,-7.61,48.31,1.84,0.0,40.0,117.0,1,winter,1,2020-01-01
2020,2,2.5625,2.1403,-3.4,50.3,2.25,0.0,40.0,117.0,1,winter,0,2020-01-01
2020,3,5.3508,2.5397,-1.61,54.23,2.52,0.0,40.0,117.0,1,winter,1,2020-01-01
2020,4,5.8404,2.6107,-0.79,56.52,3.52,0.0,40.0,117.0,1,winter,1,2020-01-01
2020,5,0.5095,1.4602,-1.05,71.49,1.7,2.16,40.0,117.0,1,winter,0,2020-01-01
2020,6,1.3862,1.5125,-0.36,78.55,1.82,1.59,40.0,117.0,1,winter,0,2020-01-01
2020,7,0.0113,1.1954,-1.69,56.51,3.74,0.0,40.0,117.0,1,winter,0,2020-01-01
2020,8,6.0953,2.6594,-3.59,58.99,3.26,0.0,40.0,117.0,1,winter,1,2020-01-01
2020,9,4.6826,2.4074,-3.37,58.81,2.54,0.0,40.0,117.0,1,winter,0,2020-01-01
2020,10,6.1006,2.7103,-2.33,55.84,3.64,0.0,40.0,117.0,1,winter,1,2020-01-01
2020,11,0.2556,1.2408,-4.97,55.1,2.16,0.0,40.0,117.0,1,winter,0,2020-01-01
2020,12,6.1646,2.622,-3.63,56.43,2.07,0.0,40.0,117.0,1,winter,1,2020-01-01
2020,13,7.4827,2.9518,-6.42,52.1,3.6,0.0,40.0,117.0,1,winter,1,2020-01-01
2020,14,6.8638,2.886,-6.73,53.71,3.21,0.0,40.0,117.0,1,winter,1,2020-01-01
2020,15,5.6894,2.7358,-4.65,53.37,1.72,0.0,40.0,117.0,1,winter,1,2020-01-01
2020,16,4.3464,2.633,-4.33,55.31,2.76,0.0,40.0,117.0,1,winter,0,2020-01-01
2020,17,4.8007,2.5488,-3.01,63.47,1.9,0.0,40.0,117.0,1,winter,1,2020-01-01
2020,18,0.8522,1.4813,-3.23,62.66,3.14,0.0,40.0,117.0,1,winter,0,2020-01-01
2020,19,6.8575,2.9386,-2.67,48.57,4.05,0.0,40.0,117.0,1,winter,1,2020-01-01
2020,20,7.8523,3.1442,-3.21,49.32,3.51,0.0,40.0,117.0,1,winter,1,2020-01-01
2020,21,3.8909,2.3707,-2.29,60.17,1.98,0.0,40.0,117.0,1,winter,0,2020-01-01
2020,22,2.7161,2.2512,0.13,59.24,1.78,0.0,40.0,117.0,1,winter,0,2020-01-01
2020,23,6.8378,3.1174,-0.21,60.55,3.15,0.0,40.0,117.0,1,winter,1,2020-01-01
2020,24,3.9437,2.5241,-2.07,61.18,2.91,0.0,40.0,117.0,1,winter,0,2020-01-01
2020,25,5.0743,2.863,-1.52,70.9,1.57,0.0,40.0,117.0,1,winter,1,2020-01-01
2020,26,4.4674,2.7619,-1.36,63.93,2.06,0.0,40.0,117.0,1,winter,0,2020-01-01
2020,27,0.8131,2.1091,0.11,62.88,1.58,0.0,40.0,117.0,1,winter,0,2020-01-01
2020,28,1.0524,1.9762,0.99,61.21,1.36,0.15,40.0,117.0,1,winter,0,2020-01-01
2020,29,5.5238,3.0007,1.24,59.81,1.7,0.03,40.0,117.0,1,winter,1,2020-01-01
2020,30,7.2876,3.391,-0.59,50.51,2.48,0.0,40.0,117.0,1,winter,1,2020-01-01
2020,31,4.8734,3.0437,-1.1,62.61,2.49,0.0,40.0,117.0,1,winter,1,2020-01-01
2020,32,6.9708,3.4594,-0.93,47.94,2.87,0.03,40.0,117.0,2,winter,1,2020-02-01
2020,33,1.289,1.3171,-1.45,68.5,2.97,1.97,40.0,117.0,2,winter,0,2020-02-01
2020,34,4.2264,2.6282,-4.13,45.9,3.64,0.0,40.0,117.0,2,winter,0,2020-02-01
2020,35,7.7143,3.4536,-4.52,43.07,3.76,0.0,40.0,117.0,2,winter,1,2020-02-01
2020,36,5.2606,2.9767,-8.0,50.05,3.44,0.15,40.0,117.0,2,winter,1,2020-02-01
2020,37,0.7106,1.831,-7.08,72.47,2.03,1.42,40.0,117.0,2,winter,0,2020-02-01
2020,38,6.2287,3.4298,-4.09,68.96,2.17,0.01,40.0,117.0,2,winter,1,2020-02-01
2020,39,7.9066,3.7152,-1.82,55.94,3.22,0.0,40.0,117.0,2,winter,1,2020-02-01
2020,40,6.4356,3.557,0.97,63.77,2.17,0.0,40.0,117.0,2,winter,1,2020-02-01
2020,41,4.8991,3.3562,3.31,57.95,2.21,0.0,40.0,117.0,2,winter,1,2020-02-01
2020,42,4.4563,3.2844,2.11,83.64,2.36,0.0,40.0,117.0,2,winter,0,2020-02-01
2020,43,4.1813,3.2078,2.5,88.39,2.46,0.0,40.0,117.0,2,winter,0,2020-02-01
2020,44,2.3801,2.2572,3.7,86.13,3.48,1.49,40.0,117.0,2,winter,0,2020-02-01
2020,45,0.1138,0.7046,-1.44,74.37,5.93,16.56,40.0,117.0,2,winter,0,2020-02-01
2020,46,3.715,2.713,-5.25,60.38,5.61,0.05,40.0,117.0,2,winter,0,2020-02-01
2020,47,5.4341,3.5892,-4.53,56.76,5.36,0.0,40.0,117.0,2,winter,1,2020-02-01
2020,48,7.5034,3.9816,-1.96,56.07,3.03,0.0,40.0,117.0,2,winter,1,2020-02-01
2020,49,6.5856,4.0423,0.86,57.33,3.07,0.0,40.0,117.0,2,winter,1,2020-02-01
2020,50,2.5421,3.163,0.88,70.44,3.64,0.0,40.0,117.0,2,winter,0,2020-02-01
2020,51,0.2899,2.1077,1.6,68.73,1.98,0.0,40.0,117.0,2,winter,0,2020-02-01
2020,52,2.2901,3.1836,2.1,61.02,3.19,0.02,40.0,117.0,2,winter,0,2020-02-01
2020,53,9.2311,4.6649,1.38,43.51,3.68,0.0,40.0,117.0,2,winter,1,2020-02-01
2020,54,4.5936,3.8153,1.55,56.5,2.27,0.0,40.0,117.0,2,winter,0,2020-02-01
2020,55,0.3086,1.6627,4.92,52.87,4.4,0.01,40.0,117.0,2,winter,0,2020-02-01
2020,56,0.6422,1.9747,4.3,55.68,3.83,0.01,40.0,117.0,2,winter,0,2020-02-01
2020,57,4.7748,3.9689,1.69,61.73,2.09,0.0,40.0,117.0,2,winter,0,2020-02-01
2020,58,0.888,2.6952,1.36,67.6,3.22,0.0,40.0,117.0,2,winter,0,2020-02-01
2020,59,3.683,3.7654,1.87,81.03,2.37,0.0,40.0,117.0,2,winter,0,2020-02-01
2020,60,0.0418,0.8119,1.36,89.58,2.64,1.03,40.0,117.0,2,winter,0,2020-02-01
2020,61,4.8869,3.3912,2.37,60.3,4.47,0.22,40.0,117.0,3,spring,1,2020-03-01
2020,62,5.1322,3.9485,2.59,51.88,4.54,2.79,40.0,117.0,3,spring,1,2020-03-01
2020,63,6.0046,4.3308,0.8,53.47,5.59,0.93,40.0,117.0,3,spring,1,2020-03-01
2020,64,10.2144,5.3832,-1.28,45.67,3.33,0.12,40.0,117.0,3,spring,1,2020-03-01
2020,65,6.1351,4.5209,0.7,55.78,4.1,0.0,40.0,117.0,3,spring,1,2020-03-01
2020,66,1.3678,3.2614,3.2,80.79,2.41,1.21,40.0,117.0,3,spring,0,2020-03-01
2020,67,7.3666,5.0371,5.55,66.2,3.12,0.01,40.0,117.0,3,spring,1,2020-03-01
2020,68,0.2635,1.6001,3.72,84.36,2.16,0.69,40.0,117.0,3,spring,0,2020-03-01
2020,69,2.0057,2.9525,5.48,72.97,3.5,15.6,40.0,117.0,3,spring,0,2020-03-01
2020,70,10.1201,5.6645,3.55,45.0,4.14,0.0,40.0,117.0,3,spring,1,2020-03-01
2020,71,7.5977,5.1965,4.71,47.29,3.54,0.0,40.0,117.0,3,spring,1,2020-03-01
2020,72,3.7843,4.5115,5.57,45.48,4.72,0.0,40.0,117.0,3,spring,0,2020-03-01
2020,73,10.0762,5.7593,3.32,35.35,4.46,0.0,40.0,117.0,3,spring,1,2020-03-01
2020,74,9.7279,5.695,5.72,41.22,5.21,0.0,40.0,117.0,3,spring,1,2020-03-01
2020,75,9.5354,5.6666,7.41,45.58,4.34,0.0,40.0,117.0,3,spring,1,2020-03-01
2020,76,8.5409,5.616,5.09,62.82,3.18,0.0,40.0,117.0,3,spring,1,2020-03-01
2020,77,9.9204,5.8282,10.59,42.86,3.84,0.0,40.0,117.0,3,spring,1,2020-03-01
2020,78,1.2722,3.666,11.34,44.63,6.26,0.0,40.0,117.0,3,spring,0,2020-03-01
2020,79,10.423,6.0794,8.01,31.43,4.84,0.0,40.0,117.0,3,spring,1,2020-03-01
2020,80,7.4268,5.6513,10.06,45.18,3.43,0.0,40.0,117.0,3,spring,1,2020-03-01
2020,81,3.9794,4.5643,10.75,44.56,2.28,0.01,40.0,117.0,3,spring,0,2020-03-01
2020,82,9.6379,6.0038,11.35,42.53,3.33,0.0,40.0,117.0,3,spring,1,2020-03-01
2020,83,8.5704,5.8025,11.44,40.03,3.92,0.0,40.0,117.0,3,spring,1,2020-03-01
2020,84,1.7314,3.9257,11.15,49.85,2.96,0.0,40.0,117.0,3,spring,0,2020-03-01
2020,85,3.1157,4.3634,15.12,56.14,3.54,0.02,40.0,117.0,3,spring,0,2020-03-01
2020,86,0.5381,1.987,7.7,44.42,7.28,8.93,40.0,117.0,3,spring,0,2020-03-01
2020,87,11.3832,6.7793,4.74,32.97,4.97,0.0,40.0,117.0,3,spring,1,2020-03-01
2020,88,9.3655,6.0749,5.16,32.58,3.64,0.0,40.0,117.0,3,spring,1,2020-03-01
2020,89,7.2605,5.845,7.44,45.75,3.83,0.0,40.0,117.0,3,spring,1,2020-03-01
2020,90,3.4714,4.7501,10.12,56.08,3.74,0.0,40.0,117.0,3,spring,0,2020-03-01
2020,91,1.7722,3.8909,10.64,60.41,3.11,0.33,40.0,117.0,3,spring,0,2020-03-01
2020,92,8.8255,6.5789,8.66,34.06,3.52,0.0,40.0,117.0,4,spring,1,2020-04-01
2020,93,10.5679,6.9022,10.36,34.93,2.91,0.17,40.0,117.0,4,spring,1,2020-04-01
2020,94,9.9698,6.7114,14.0,34.39,3.76,0.0,40.0,117.0,4,spring,1,2020-04-01
2020,95,10.9788,7.1191,9.78,32.99,3.52,0.0,40.0,117.0,4,spring,1,2020-04-01
2020,96,8.5819,6.5297,9.34,49.44,3.18,0.0,40.0,117.0,4,spring,1,2020-04-01
2020,97,6.1238,5.9143,13.41,49.4,2.58,0.0,40.0,117.0,4,spring,1,2020-04-01
2020,98,9.8882,6.8798,11.55,35.65,4.05,0.0,40.0,117.0,4,spring,1,2020-04-01
2020,99,3.4363,5.2706,10.12,45.8,3.25,0.55,40.0,117.0,4,spring,0,2020-04-01
2020,100,4.2607,5.6374,8.97,52.71,2.2,0.89,40.0,117.0,4,spring,0,2020-04-01
2020,101,4.625,5.2003,11.1,48.9,1.93,0.32,40.0,117.0,4,spring,0,2020-04-01
2020,102,9.0926,6.9708,13.34,32.87,4.23,0.0,40.0,117.0,4,spring,1,2020-04-01
2020,103,9.4296,7.1174,14.35,32.59,4.73,0.0,40.0,117.0,4,spring,1,2020-04-01
2020,104,9.0098,7.0075,15.99,33.13,2.64,0.0,40.0,117.0,4,spring,1,2020-04-01
2020,105,4.2065,5.8541,16.65,41.36,2.97,0.0,40.0,117.0,4,spring,0,2020-04-01
2020,106,0.6523,3.5666,16.33,51.99,3.14,1.58,40.0,117.0,4,spring,0,2020-04-01
2020,107,1.2977,3.7687,13.1,57.7,5.09,18.43,40.0,117.0,4,spring,0,2020-04-01
2020,108,2.023,4.3752,14.03,54.36,4.42,1.12,40.0,117.0,4,spring,0,2020-04-01
2020,109,2.4341,5.3861,14.41,49.37,2.67,0.0,40.0,117.0,4,spring,0,2020-04-01
2020,110,0.5969,3.3492,14.61,61.79,4.99,1.8,40.0,117.0,4,spring,0,2020-04-01
2020,111,8.3779,6.3876,10.37,31.41,7.51,0.0,40.0,117.0,4,spring,1,2020-04-01
2020,112,8.8274,7.0104,6.96,22.86,7.49,0.0,40.0,117.0,4,spring,1,2020-04-01
2020,113,10.1851,7.6082,7.93,26.06,6.27,0.0,40.0,117.0,4,spring,1,2020-04-01
2020,114,10.2101,7.6694,10.17,27.48,5.15,0.0,40.0,117.0,4,spring,1,2020-04-01
2020,115,8.0844,7.2214,15.75,28.28,6.25,0.0,40.0,117.0,4,spring,1,2020-04-01
2020,116,6.4246,6.7246,14.46,31.45,3.96,0.0,40.0,117.0,4,spring,1,2020-04-01
2020,117,6.5225,6.3161,15.23,33.5,3.08,0.0,40.0,117.0,4,spring,1,2020-04-01
2020,118,10.409,7.7479,15.85,44.66,2.53,0.0,40.0,117.0,4,spring,1,2020-04-01
2020,119,8.5874,7.4009,18.44,38.0,3.3,0.0,40.0,117.0,4,spring,1,2020-04-01
2020,120,6.8532,6.882,19.04,46.8,2.37,0.0,40.0,117.0,4,spring,1,2020-04-01
2020,121,7.1282,6.9821,21.72,48.74,2.76,0.0,40.0,117.0,4,spring,1,2020-04-01
2020,122,7.7803,7.1299,23.08,55.59,3.27,0.0,40.0,117.0,5,spring,1,2020-05-01
2020,123,5.6974,6.6588,24.6,55.24,4.47,0.0,40.0,117.0,5,spring,1,2020-05-01
2020,124,0.426,3.763,20.84,65.42,3.97,0.73,40.0,117.0,5,spring,0,2020-05-01
2020,125,0.9276,5.0395,15.35,57.16,3.27,0.54,40.0,117.0,5,spring,0,2020-05-01
2020,126,7.9877,7.4186,18.09,62.55,2.43,0.32,40.0,117.0,5,spring,1,2020-05-01
2020,127,4.3085,6.2386,19.57,50.29,4.18,0.0,40.0,117.0,5,spring,0,2020-05-01
2020,128,0.1375,1.9294,17.87,61.05,3.14,3.55,40.0,117.0,5,spring,0,2020-05-01
2020,129,0.1397,1.5854,14.35,79.53,4.19,18.85,40.0,117.0,5,spring,0,2020-05-01
2020,130,0.9926,4.2007,17.26,64.7,2.21,0.05,40.0,117.0,5,spring,0,2020-05-01
2020,131,10.692,8.2363,18.55,36.16,6.08,0.0,40.0,117.0,5,spring,1,2020-05-01
2020,132,8.8867,7.6867,20.09,30.55,5.87,0.02,40.0,117.0,5,spring,1,2020-05-01
2020,134,8.4372,7.685,21.75,38.28,2.88,0.0,40.0,117.0,5,spring,1,2020-05-01
2020,135,5.3796,6.8575,22.71,54.04,4.25,0.0,40.0,117.0,5,spring,1,2020-05-01
2020,136,0.3845,2.0232,19.57,69.02,3.81,0.0,40.0,117.0,5,spring,0,2020-05-01
2020,137,0.341,2.7007,18.51,52.71,3.31,0.0,40.0,117.0,5,spring,0,2020-05-01
2020,138,2.0626,4.789,15.82,39.2,3.77,0.0,40.0,117.0,5,spring,0,2020-05-01
2020,139,5.3981,6.8587,18.63,34.01,4.92,0.0,40.0,117.0,5,spring,1,2020-05-01
2020,140,9.1234,7.753,21.61,35.88,3.25,0.06,40.0,117.0,5,spring,1,2020-05-01
2020,141,6.0718,7.0946,22.06,44.41,2.57,0.45,40.0,117.0,5,spring,1,2020-05-01
2020,142,0.1848,2.0119,18.04,74.21,4.25,17.37,40.0,117.0,5,spring,0,2020-05-01
2020,143,3.4918,5.5949,22.13,55.55,3.91,0.3,40.0,117.0,5,spring,0,2020-05-01
2020,144,3.3257,5.3563,20.77,52.7,4.43,4.83,40.0,117.0,5,spring,0,2020-05-01
2020,145,8.01,7.2446,21.96,43.25,3.0,0.0,40.0,117.0,5,spring,1,2020-05-01
2020,146,1.4666,3.8407,20.16,53.45,3.35,3.0,40.0,117.0,5,spring,0,2020-05-01
2020,147,8.2793,7.5386,21.29,45.11,3.05,1.16,40.0,117.0,5,spring,1,2020-05-01
2020,148,5.7098,6.6096,21.88,44.47,3.27,0.18,40.0,117.0,5,spring,1,2020-05-01
2020,149,4.4563,6.4706,22.85,52.71,4.41,0.44,40.0,117.0,5,spring,0,2020-05-01
2020,150,2.3443,5.73,23.94,47.0,4.26,0.0,40.0,117.0,5,spring,0,2020-05-01
2020,151,2.7648,5.5949,24.14,50.25,4.26,1.83,40.0,117.0,5,spring,0,2020-05-01
2020,152,4.7381,5.4017,21.02,55.76,4.95,22.5,40.0,117.0,5,spring,0,2020-05-01
2020,153,6.5441,7.657,22.46,45.55,4.24,1.91,40.0,117.0,6,summer,1,2020-06-01
2020,154,9.1034,8.2406,24.32,50.54,3.52,0.0,40.0,117.0,6,summer,1,2020-06-01
2020,155,11.323,8.7089,26.03,34.41,4.69,0.22,40.0,117.0,6,summer,1,2020-06-01
2020,156,6.6547,7.6342,24.69,33.92,4.35,0.02,40.0,117.0,6,summer,1,2020-06-01
2020,157,5.8418,7.3171,24.53,42.71,3.65,0.05,40.0,117.0,6,summer,1,2020-06-01
2020,158,8.2466,7.9488,25.2,42.29,2.66,0.0,40.0,117.0,6,summer,1,2020-06-01
2020,159,5.3383,7.1306,26.74,45.0,2.11,0.0,40.0,117.0,6,summer,1,2020-06-01
2020,160,3.6938,6.3833,28.41,49.22,4.34,0.0,40.0,117.0,6,summer,0,2020-06-01
2020,161,0.1056,2.778,25.6,59.33,3.67,2.09,40.0,117.0,6,summer,0,2020-06-01
2020,162,6.7073,7.4266,26.06,55.05,2.42,6.58,40.0,117.0,6,summer,1,2020-06-01
2020,163,1.6716,4.7194,24.36,49.21,2.87,1.09,40.0,117.0,6,summer,0,2020-06-01
2020,164,6.7342,7.6819,26.57,52.95,2.36,0.22,40.0,117.0,6,summer,1,2020-06-01
2020,165,1.9298,4.8667,27.03,51.72,3.27,0.34,40.0,117.0,6,summer,0,2020-06-01
2020,166,8.2087,7.4779,27.09,33.48,3.55,0.0,40.0,117.0,6,summer,1,2020-06-01
2020,167,9.449,8.3981,29.01,30.44,2.46,0.0,40.0,117.0,6,summer,1,2020-06-01
2020,168,5.2217,7.0882,27.69,37.35,3.82,0.0,40.0,117.0,6,summer,1,2020-06-01
2020,169,0.157,4.1177,26.35,40.22,4.15,0.0,40.0,117.0,6,summer,0,2020-06-01
2020,170,1.0848,4.063,25.32,59.26,1.9,5.52,40.0,117.0,6,summer,0,2020-06-01
2020,171,5.8457,7.0704,27.76,50.21,3.01,0.0,40.0,117.0,6,summer,1,2020-06-01
2020,172,4.8922,6.9672,27.94,48.67,4.2,0.01,40.0,117.0,6,summer,1,2020-06-01
2020,173,5.2094,7.0332,29.42,46.37,4.44,0.0,40.0,117.0,6,summer,1,2020-06-01
2020,174,1.3138,4.6075,28.42,45.86,4.17,0.0,40.0,117.0,6,summer,0,2020-06-01
2020,175,0.6322,3.6223,26.1,55.33,3.3,0.83,40.0,117.0,6,summer,0,2020-06-01
2020,176,3.8561,6.2717,26.79,54.14,2.14,1.42,40.0,117.0,6,summer,0,2020-06-01
2020,177,0.0802,2.1919,24.43,73.58,3.44,21.69,40.0,117.0,6,summer,0,2020-06-01
2020,178,1.3046,4.4458,24.14,71.15,2.34,2.64,40.0,117.0,6,summer,0,2020-06-01
2020,179,5.4192,7.1292,26.85,57.87,1.71,0.39,40.0,117.0,6,summer,1,2020-06-01
2020,180,3.0274,5.5848,26.63,57.14,1.81,0.16,40.0,117.0,6,summer,0,2020-06-01
2020,181,0.0931,1.7203,24.89,57.21,1.72,0.64,40.0,117.0,6,summer,0,2020-06-01
2020,182,4.4244,6.7949,27.41,50.06,1.63,2.1,40.0,117.0,6,summer,0,2020-06-01
2020,183,2.7823,5.328,27.64,53.35,1.89,1.75,40.0,117.0,7,summer,0,2020-07-01
2020,184,0.1625,3.0218,24.79,73.2,3.14,7.38,40.0,117.0,7,summer,0,2020-07-01
2020,185,0.1234,2.4965,22.99,81.88,2.55,3.07,40.0,117.0,7,summer,0,2020-07-01
2020,186,0.4272,3.744,24.04,76.25,3.25,0.42,40.0,117.0,7,summer,0,2020-07-01
2020,187,1.1846,4.7201,25.53,78.14,1.6,9.3,40.0,117.0,7,summer,0,2020-07-01
2020,188,4.2744,6.2009,26.27,70.47,1.21,21.68,40.0,117.0,7,summer,0,2020-07-01
2020,189,9.5381,8.2145,27.29,50.79,2.72,0.02,40.0,117.0,7,summer,1,2020-07-01
2020,190,6.0492,6.937,26.77,57.48,2.68,0.02,40.0,117.0,7,summer,1,2020-07-01
2020,191,0.0979,1.5845,22.87,73.54,1.24,8.09,40.0,117.0,7,summer,0,2020-07-01
2020,192,0.8143,3.4661,24.52,67.69,2.27,0.03,40.0,117.0,7,summer,0,2020-07-01
2020,193,0.2642,3.2299,25.4,74.78,2.12,3.45,40.0,117.0,7,summer,0,2020-07-01
2020,194,0.1063,2.4859,25.31,71.78,1.78,5.95,40.0,117.0,7,summer,0,2020-07-01
2020,195,0.5066,4.2278,25.4,67.01,1.35,4.97,40.0,117.0,7,summer,0,2020-07-01
2020,196,4.2955,6.3953,27.41,57.96,2.22,0.09,40.0,117.0,7,summer,0,2020-07-01
2020,197,5.7329,6.8966,28.95,52.84,2.68,0.0,40.0,117.0,7,summer,1,2020-07-01
2020,198,4.235,6.5076,29.15,54.99,3.09,0.0,40.0,117.0,7,summer,0,2020-07-01
2020,199,0.1116,2.8862,28.09,65.09,3.73,11.96,40.0,117.0,7,summer,0,2020-07-01
2020,200,0.0598,2.4149,24.7,81.9,2.58,16.05,40.0,117.0,7,summer,0,2020-07-01
2020,201,4.5065,6.7834,26.53,57.69,2.02,0.16,40.0,117.0,7,summer,0,2020-07-01
2020,202,9.1375,7.8286,28.2,48.51,2.23,0.48,40.0,117.0,7,summer,1,2020-07-01
2020,203,2.7679,5.8169,27.43,61.12,2.8,0.03,40.0,117.0,7,summer,0,2020-07-01
2020,204,5.6582,6.7882,27.72,58.69,2.59,0.0,40.0,117.0,7,summer,1,2020-07-01
2020,205,6.8794,7.0253,28.3,53.05,2.82,0.0,40.0,117.0,7,summer,1,2020-07-01
2020,206,7.5941,7.3128,31.35,46.64,2.16,0.0,40.0,117.0,7,summer,1,2020-07-01
2020,207,3.3574,5.707,31.2,43.62,1.94,0.0,40.0,117.0,7,summer,0,2020-07-01
2020,208,0.1942,1.7035,24.17,68.91,1.9,3.41,40.0,117.0,7,summer,0,2020-07-01
2020,209,0.1044,1.7928,23.59,79.76,2.88,5.01,40.0,117.0,7,summer,0,2020-07-01
2020,210,0.1769,2.7998,26.05,71.84,2.48,4.6,40.0,117.0,7,summer,0,2020-07-01
2020,211,2.2555,4.4988,27.75,69.15,1.96,0.46,40.0,117.0,7,summer,0,2020-07-01
2020,212,1.6421,4.9404,30.0,62.33,3.43,0.53,40.0,117.0,7,summer,0,2020-07-01
2020,213,1.2792,3.7692,29.07,71.37,3.07,6.86,40.0,117.0,7,summer,0,2020-07-01
2020,214,1.422,4.1897,27.28,84.55,2.67,15.98,40.0,117.0,8,summer,0,2020-08-01
2020,215,5.3825,6.6043,28.32,79.45,2.21,5.89,40.0,117.0,8,summer,1,2020-08-01
2020,216,7.355,7.0334,29.99,57.8,2.31,1.24,40.0,117.0,8,summer,1,2020-08-01
2020,217,6.4159,6.859,30.26,48.34,2.11,0.04,40.0,117.0,8,summer,1,2020-08-01
2020,218,0.7769,3.6857,28.35,69.41,2.0,8.27,40.0,117.0,8,summer,0,2020-08-01
2020,219,2.9779,5.4847,28.4,68.46,1.9,0.42,40.0,117.0,8,summer,0,2020-08-01
2020,220,2.7442,5.587,28.58,58.76,2.93,0.51,40.0,117.0,8,summer,0,2020-08-01
2020,221,1.9466,4.7434,26.68,64.66,1.57,0.15,40.0,117.0,8,summer,0,2020-08-01
2020,222,5.1557,6.3677,28.58,66.66,3.03,3.85,40.0,117.0,8,summer,1,2020-08-01
2020,223,8.0902,7.0862,27.02,78.22,2.75,23.46,40.0,117.0,8,summer,1,2020-08-01
2020,224,8.7725,7.1503,28.7,68.25,1.95,0.44,40.0,117.0,8,summer,1,2020-08-01
2020,225,0.5126,2.7989,27.17,82.62,4.06,15.39,40.0,117.0,8,summer,0,2020-08-01
2020,226,3.8501,4.818,27.38,81.28,3.69,40.59,40.0,117.0,8,summer,0,2020-08-01
2020,227,6.9101,6.6518,27.64,73.33,2.1,0.04,40.0,117.0,8,summer,1,2020-08-01
2020,228,0.6828,2.6849,25.16,75.96,2.2,2.79,40.0,117.0,8,summer,0,2020-08-01
2020,229,0.5527,4.0567,24.74,79.38,1.66,0.82,40.0,117.0,8,summer,0,2020-08-01
2020,230,0.3026,1.3889,25.68,88.21,1.95,7.91,40.0,117.0,8,summer,0,2020-08-01
2020,231,0.4721,1.692,23.96,82.96,4.14,19.82,40.0,117.0,8,summer,0,2020-08-01
2020,232,0.0998,2.2817,21.92,83.64,2.57,17.25,40.0,117.0,8,summer,0,2020-08-01
2020,233,2.8793,5.2589,21.56,73.08,2.77,1.87,40.0,117.0,8,summer,0,2020-08-01
2020,234,5.2627,5.819,22.1,68.47,1.76,0.0,40.0,117.0,8,summer,1,2020-08-01
2020,235,4.1825,5.5162,22.19,72.34,2.52,0.0,40.0,117.0,8,summer,0,2020-08-01
2020,236,1.2742,3.954,23.12,82.36,3.01,15.34,40.0,117.0,8,summer,0,2020-08-01
2020,237,5.9148,5.5531,24.02,78.8,3.75,35.43,40.0,117.0,8,summer,1,2020-08-01
2020,238,4.147,5.5488,25.91,69.35,1.33,0.01,40.0,117.0,8,summer,0,2020-08-01
2020,239,0.1786,3.3223,23.66,78.42,2.17,0.0,40.0,117.0,8,summer,0,2020-08-01
2020,240,1.1928,3.2287,24.65,74.12,2.94,1.32,40.0,117.0,8,summer,0,2020-08-01
2020,241,7.7866,6.4289,24.14,76.21,1.95,1.33,40.0,117.0,8,summer,1,2020-08-01
2020,242,2.8586,4.5233,25.13,83.08,2.2,0.54,40.0,117.0,8,summer,0,2020-08-01
2020,243,0.3142,2.1677,25.03,81.73,2.86,0.09,40.0,117.0,8,summer,0,2020-08-01
2020,244,0.7068,2.5402,22.6,83.03,2.68,2.02,40.0,117.0,8,summer,0,2020-08-01
2020,245,8.0285,6.4183,24.33,63.44,2.27,0.03,40.0,117.0,9,autumn,1,2020-09-01
2020,246,3.4582,4.8965,21.75,61.15,4.08,1.15,40.0,117.0,9,autumn,0,2020-09-01
2020,247,4.4712,4.7477,20.52,62.7,4.28,1.82,40.0,117.0,9,autumn,0,2020-09-01
2020,248,5.177,5.0885,21.33,58.89,3.27,0.37,40.0,117.0,9,autumn,1,2020-09-01
2020,249,6.4152,5.7312,22.48,62.18,1.96,0.24,40.0,117.0,9,autumn,1,2020-09-01
2020,250,4.362,5.0911,23.16,71.94,1.9,1.84,40.0,117.0,9,autumn,0,2020-09-01
2020,251,4.8823,5.1739,24.54,66.66,2.17,3.63,40.0,117.0,9,autumn,1,2020-09-01
2020,252,6.697,5.6686,23.59,61.4,3.38,0.06,40.0,117.0,9,autumn,1,2020-09-01
2020,253,8.5987,6.1966,23.05,53.95,3.42,0.01,40.0,117.0,9,autumn,1,2020-09-01
2020,254,0.5693,2.3743,19.86,68.7,4.29,1.75,40.0,117.0,9,autumn,0,2020-09-01
2020,255,0.7159,2.2003,20.52,72.03,5.03,1.17,40.0,117.0,9,autumn,0,2020-09-01
2020,256,1.3068,2.7809,20.84,70.29,3.82,1.9,40.0,117.0,9,autumn,0,2020-09-01
2020,257,2.2682,3.6319,21.5,67.38,2.19,0.08,40.0,117.0,9,autumn,0,2020-09-01
2020,258,1.6037,3.3948,21.21,81.58,1.3,11.26,40.0,117.0,9,autumn,0,2020-09-01
2020,259,0.0665,1.0183,20.24,90.21,3.21,32.64,40.0,117.0,9,autumn,0,2020-09-01
2020,260,8.9162,5.9114,17.72,57.77,4.59,0.0,40.0,117.0,9,autumn,1,2020-09-01
2020,261,7.9733,5.724,18.2,57.99,3.99,0.01,40.0,117.0,9,autumn,1,2020-09-01
2020,262,8.2997,5.717,19.13,52.38,3.22,0.0,40.0,117.0,9,autumn,1,2020-09-01
2020,263,9.3751,5.9148,18.96,56.36,2.57,0.0,40.0,117.0,9,autumn,1,2020-09-01
2020,264,8.0554,5.6114,18.73,57.71,3.28,0.0,40.0,117.0,9,autumn,1,2020-09-01
2020,265,3.377,4.003,20.13,75.47,2.46,0.02,40.0,117.0,9,autumn,0,2020-09-01
2020,266,6.0559,5.0578,20.02,73.03,2.67,1.91,40.0,117.0,9,autumn,1,2020-09-01
2020,267,0.0641,1.9874,17.32,87.31,2.27,25.08,40.0,117.0,9,autumn,0,2020-09-01
2020,268,1.6622,2.9525,18.14,77.73,1.72,14.28,40.0,117.0,9,autumn,0,2020-09-01
2020,269,5.5656,4.8379,18.27,78.71,1.6,0.05,40.0,117.0,9,autumn,1,2020-09-01
2020,270,6.1522,4.9846,19.29,75.46,1.91,0.0,40.0,117.0,9,autumn,1,2020-09-01
2020,271,4.2036,4.3716,19.28,73.92,1.93,0.0,40.0,117.0,9,autumn,0,2020-09-01
2020,272,0.9811,3.0482,19.58,84.49,2.35,1.46,40.0,117.0,9,autumn,0,2020-09-01
2020,273,1.4923,3.2527,14.9,74.7,2.83,19.66,40.0,117.0,9,autumn,0,2020-09-01
2020,274,5.7617,4.8278,14.43,64.59,2.19,0.07,40.0,117.0,9,autumn,1,2020-09-01
2020,275,3.4102,3.5688,14.76,76.42,2.02,7.76,40.0,117.0,10,autumn,0,2020-10-01
2020,276,8.7739,5.2826,12.85,57.49,3.8,0.07,40.0,117.0,10,autumn,1,2020-10-01
2020,277,7.1494,5.0174,13.39,56.03,4.38,0.02,40.0,117.0,10,autumn,1,2020-10-01
2020,278,9.2702,5.2697,10.39,50.11,4.98,0.0,40.0,117.0,10,autumn,1,2020-10-01
2020,279,9.9871,5.3683,10.37,57.14,3.1,0.0,40.0,117.0,10,autumn,1,2020-10-01
2020,280,7.895,4.8874,12.2,59.99,2.39,0.0,40.0,117.0,10,autumn,1,2020-10-01
2020,281,5.3962,4.3682,13.96,69.81,2.58,0.0,40.0,117.0,10,autumn,1,2020-10-01
2020,282,2.9232,3.6223,13.48,72.82,2.16,0.0,40.0,117.0,10,autumn,0,2020-10-01
2020,283,1.1966,2.6837,14.5,72.48,2.06,0.01,40.0,117.0,10,autumn,0,2020-10-01
2020,284,3.2426,3.6463,14.92,82.43,2.07,0.0,40.0,117.0,10,autumn,0,2020-10-01
2020,285,0.2314,1.8802,13.27,65.76,3.66,0.0,40.0,117.0,10,autumn,0,2020-10-01
2020,286,8.9078,4.8497,9.53,51.48,3.57,0.0,40.0,117.0,10,autumn,1,2020-10-01
2020,287,8.3131,4.7285,11.37,48.87,3.93,0.0,40.0,117.0,10,autumn,1,2020-10-01
2020,288,5.0969,3.7577,8.99,55.23,2.86,0.0,40.0,117.0,10,autumn,1,2020-10-01
2020,289,6.0744,4.1794,10.79,73.55,1.67,0.03,40.0,117.0,10,autumn,1,2020-10-01
2020,290,8.9599,4.7011,11.66,53.54,3.85,0.0,40.0,117.0,10,autumn,1,2020-10-01
2020,291,7.5847,4.5175,11.46,52.39,3.53,0.0,40.0,117.0,10,autumn,1,2020-10-01
2020,292,7.8086,4.4326,11.66,56.95,3.36,0.0,40.0,117.0,10,autumn,1,2020-10-01
2020,293,7.9781,4.3862,12.7,64.84,2.9,0.0,40.0,117.0,10,autumn,1,2020-10-01
2020,294,1.7126,2.791,11.86,73.57,2.4,0.0,40.0,117.0,10,autumn,0,2020-10-01
2020,295,7.6099,4.3836,9.45,45.2,4.77,0.0,40.0,117.0,10,autumn,1,2020-10-01
2020,296,8.262,4.3786,7.51,45.5,4.29,0.0,40.0,117.0,10,autumn,1,2020-10-01
2020,297,8.5982,4.3075,7.88,51.53,3.05,0.0,40.0,117.0,10,autumn,1,2020-10-01
2020,298,8.2754,4.235,9.81,53.12,2.93,0.0,40.0,117.0,10,autumn,1,2020-10-01
2020,299,3.8249,3.3194,11.27,64.68,1.69,0.0,40.0,117.0,10,autumn,0,2020-10-01
2020,300,2.9052,2.9033,13.96,54.0,2.73,0.0,40.0,117.0,10,autumn,0,2020-10-01
2020,301,8.1262,4.1093,9.71,43.4,3.24,0.0,40.0,117.0,10,autumn,1,2020-10-01
2020,302,8.0909,4.0543,10.09,43.7,3.18,0.0,40.0,117.0,10,autumn,1,2020-10-01
2020,303,4.0291,3.174,9.9,52.94,2.37,0.0,40.0,117.0,10,autumn,0,2020-10-01
2020,304,4.9776,3.3422,10.61,59.77,2.31,0.0,40.0,117.0,10,autumn,1,2020-10-01
2020,305,2.784,3.0156,10.88,56.61,3.23,0.01,40.0,117.0,10,autumn,0,2020-10-01
2020,306,8.065,3.8861,8.61,42.51,4.3,0.01,40.0,117.0,11,autumn,1,2020-11-01
2020,307,8.0242,3.8506,5.78,42.24,5.0,0.0,40.0,117.0,11,autumn,1,2020-11-01
2020,308,8.6186,3.8726,4.13,42.15,2.91,0.0,40.0,117.0,11,autumn,1,2020-11-01
2020,309,5.4214,3.2359,5.35,59.09,1.85,0.0,40.0,117.0,11,autumn,1,2020-11-01
2020,310,3.8998,3.0358,7.6,64.77,1.91,0.0,40.0,117.0,11,autumn,0,2020-11-01
2020,311,4.6262,3.3137,9.59,53.81,3.54,0.0,40.0,117.0,11,autumn,0,2020-11-01
2020,312,6.4174,3.4699,8.31,41.29,5.43,0.0,40.0,117.0,11,autumn,1,2020-11-01
2020,313,8.4593,3.6298,5.38,43.68,3.04,0.0,40.0,117.0,11,autumn,1,2020-11-01
2020,314,7.4014,3.443,6.8,49.97,3.18,0.0,40.0,117.0,11,autumn,1,2020-11-01
2020,315,6.3019,3.161,7.98,53.52,2.65,0.0,40.0,117.0,11,autumn,1,2020-11-01
2020,316,1.3584,2.1437,7.64,68.03,1.97,0.0,40.0,117.0,11,autumn,0,2020-11-01
2020,317,6.6732,3.2556,10.47,59.2,3.31,0.0,40.0,117.0,11,autumn,1,2020-11-01
2020,318,7.5785,3.3809,7.18,60.72,3.52,0.0,40.0,117.0,11,autumn,1,2020-11-01
2020,319,0.4908,1.6939,7.84,77.98,1.56,0.0,40.0,117.0,11,autumn,0,2020-11-01
2020,320,1.9104,2.1478,8.13,73.09,1.85,0.0,40.0,117.0,11,autumn,0,2020-11-01
2020,321,1.2653,1.8838,7.73,65.84,3.53,0.0,40.0,117.0,11,autumn,0,2020-11-01
2020,322,0.0434,0.5057,8.94,86.18,2.32,1.41,40.0,117.0,11,autumn,0,2020-11-01
2020,323,0.0696,0.5796,7.35,82.84,5.97,24.33,40.0,117.0,11,autumn,0,2020-11-01
2020,324,1.9171,1.5922,2.42,61.93,4.15,0.51,40.0,117.0,11,autumn,0,2020-11-01
2020,325,7.5014,3.1366,1.02,56.26,2.25,0.0,40.0,117.0,11,autumn,1,2020-11-01
2020,326,1.0325,1.2742,0.03,75.9,2.23,3.85,40.0,117.0,11,autumn,0,2020-11-01
2020,327,8.0342,3.156,-2.15,57.92,3.76,0.0,40.0,117.0,11,autumn,1,2020-11-01
2020,328,7.6118,3.0751,-1.11,55.49,2.24,0.0,40.0,117.0,11,autumn,1,2020-11-01
2020,329,3.7512,2.4773,0.09,57.49,2.15,0.0,40.0,117.0,11,autumn,0,2020-11-01
2020,330,5.3477,2.7271,0.57,60.76,3.85,0.0,40.0,117.0,11,autumn,1,2020-11-01
2020,331,2.2829,1.9183,0.25,58.05,2.33,0.0,40.0,117.0,11,autumn,0,2020-11-01
2020,332,7.5989,2.9496,-1.25,57.95,3.06,0.0,40.0,117.0,11,autumn,1,2020-11-01
2020,333,3.7277,2.4742,-2.93,55.96,2.16,0.0,40.0,117.0,11,autumn,0,2020-11-01
2020,334,7.309,2.8682,-1.14,57.01,2.56,0.0,40.0,117.0,11,autumn,1,2020-11-01
2020,335,7.4551,2.8882,-2.61,54.37,2.3,0.0,40.0,117.0,11,autumn,1,2020-11-01
2020,336,5.8706,2.6275,-2.08,58.92,2.09,0.0,40.0,117.0,12,winter,1,2020-12-01
2020,337,1.05,1.559,-2.62,56.53,3.39,0.0,40.0,117.0,12,winter,0,2020-12-01
2020,338,7.6358,2.8795,-4.11,58.67,3.24,0.0,40.0,117.0,12,winter,1,2020-12-01
2020,339,7.6483,2.8632,-4.27,57.07,3.05,0.0,40.0,117.0,12,winter,1,2020-12-01
2020,340,7.2955,2.7953,-3.59,58.21,2.48,0.0,40.0,117.0,12,winter,1,2020-12-01
2020,341,4.9416,2.4307,-0.94,50.3,2.99,0.0,40.0,117.0,12,winter,1,2020-12-01
2020,342,7.5984,2.8344,-5.19,52.84,3.62,0.0,40.0,117.0,12,winter,1,2020-12-01
2020,343,7.0747,2.7485,-5.33,55.41,2.45,0.0,40.0,117.0,12,winter,1,2020-12-01
2020,344,2.6441,1.9694,-2.41,62.11,1.79,0.0,40.0,117.0,12,winter,0,2020-12-01
2020,345,5.989,2.5802,-1.46,57.6,2.88,0.0,40.0,117.0,12,winter,1,2020-12-01
2020,346,6.0101,2.5603,-1.82,60.31,3.15,0.0,40.0,117.0,12,winter,1,2020-12-01
2020,347,3.0161,1.9522,-2.01,76.18,2.2,0.34,40.0,117.0,12,winter,0,2020-12-01
2020,348,7.0896,2.6791,-6.47,43.97,5.47,0.0,40.0,117.0,12,winter,1,2020-12-01
2020,349,7.3313,2.729,-8.79,51.54,3.46,0.35,40.0,117.0,12,winter,1,2020-12-01
2020,350,5.4305,2.352,-8.69,52.59,2.41,0.0,40.0,117.0,12,winter,1,2020-12-01
2020,351,7.3123,2.6959,-8.01,59.81,3.07,0.0,40.0,117.0,12,winter,1,2020-12-01
2020,352,6.3967,2.5212,-5.11,59.41,3.39,0.0,40.0,117.0,12,winter,1,2020-12-01
2020,353,7.5583,2.7425,-6.12,46.44,3.01,0.0,40.0,117.0,12,winter,1,2020-12-01
2020,354,7.2475,2.6666,-6.46,56.2,2.82,0.0,40.0,117.0,12,winter,1,2020-12-01
2020,355,7.4014,2.6851,-5.1,57.76,2.75,0.0,40.0,117.0,12,winter,1,2020-12-01
2020,356,6.5772,2.5978,-5.03,63.86,2.98,0.0,40.0,117.0,12,winter,1,2020-12-01
2020,357,5.1379,2.3923,-2.42,60.98,2.27,0.0,40.0,117.0,12,winter,1,2020-12-01
2020,358,7.3512,2.688,-1.82,51.94,4.66,0.0,40.0,117.0,12,winter,1,2020-12-01
2020,359,7.415,2.7108,-4.74,51.23,3.62,0.0,40.0,117.0,12,winter,1,2020-12-01
2020,360,6.8131,2.5879,-2.62,44.92,2.18,0.0,40.0,117.0,12,winter,1,2020-12-01
2020,361,2.5805,1.765,-3.09,74.02,2.44,0.0,40.0,117.0,12,winter,0,2020-12-01
2020,362,5.3729,2.4257,-2.83,70.06,2.89,0.0,40.0,117.0,12,winter,1,2020-12-01
2020,363,0.2215,1.1647,-3.47,64.17,3.0,0.0,40.0,117.0,12,winter,0,2020-12-01
2020,364,6.8292,2.7516,-10.72,31.53,7.09,0.0,40.0,117.0,12,winter,1,2020-12-01
2020,365,7.7662,2.7972,-12.91,42.9,5.01,0.0,40.0,117.0,12,winter,1,2020-12-01
2020,366,7.6159,2.785,-9.09,46.08,3.61,0.0,40.0,117.0,12,winter,1,2020-12-01
2021,1,5.0947,2.4305,-7.9,51.95,2.68,0.0,40.0,117.0,1,winter,1,2021-01-01
2021,2,6.0996,2.5255,-7.63,53.06,3.35,0.0,40.0,117.0,1,winter,1,2021-01-01
2021,3,5.0318,2.4866,-7.76,50.33,1.96,0.0,40.0,117.0,1,winter,1,2021-01-01
2021,4,7.2482,2.7682,-6.15,45.71,3.85,0.0,40.0,117.0,1,winter,1,2021-01-01
2021,5,7.5898,2.8327,-9.47,46.33,2.75,0.0,40.0,117.0,1,winter,1,2021-01-01
2021,6,5.7343,2.6338,-13.74,33.59,8.98,0.0,40.0,117.0,1,winter,1,2021-01-01
2021,7,7.8569,2.9258,-16.34,43.09,4.28,0.0,40.0,117.0,1,winter,1,2021-01-01
2021,8,7.9111,2.9316,-12.01,45.36,3.5,0.0,40.0,117.0,1,winter,1,2021-01-01
2021,9,7.9087,2.9143,-8.24,51.03,3.21,0.0,40.0,117.0,1,winter,1,2021-01-01
2021,10,6.8834,2.8238,-6.17,49.41,2.29,0.0,40.0,117.0,1,winter,1,2021-01-01
2021,11,7.6109,2.9316,-4.82,50.33,3.43,0.0,40.0,117.0,1,winter,1,2021-01-01
2021,12,5.6038,2.6501,-4.24,54.37,2.88,0.0,40.0,117.0,1,winter,1,2021-01-01
2021,13,7.6973,2.9676,-1.76,52.57,3.97,0.0,40.0,117.0,1,winter,1,2021-01-01
2021,14,0.1541,1.3572,-2.71,87.53,3.98,0.0,40.0,117.0,1,winter,0,2021-01-01
2021,15,7.6015,3.0197,-4.4,55.14,4.22,0.0,40.0,117.0,1,winter,1,2021-01-01
2021,16,8.028,3.1212,-7.21,43.42,3.66,0.0,40.0,117.0,1,winter,1,2021-01-01
2021,17,7.2842,3.0278,-6.07,45.41,3.59,0.0,40.0,117.0,1,winter,1,2021-01-01
2021,18,7.9932,3.1214,-5.29,49.24,4.01,0.0,40.0,117.0,1,winter,1,2021-01-01
2021,19,3.0497,2.347,-7.34,64.68,2.9,0.02,40.0,117.0,1,winter,0,2021-01-01
2021,20,3.077,2.1878,-3.47,81.92,1.12,0.01,40.0,117.0,1,winter,0,2021-01-01
2021,21,3.3742,2.4266,-1.38,69.35,1.95,0.0,40.0,117.0,1,winter,0,2021-01-01
2021,22,5.3534,2.8846,-2.15,62.42,2.79,0.0,40.0,117.0,1,winter,1,2021-01-01
2021,23,1.8499,2.1276,-1.35,66.96,1.16,0.0,40.0,117.0,1,winter,0,2021-01-01
2021,24,2.851,2.3928,-0.4,64.81,1.37,0.0,40.0,117.0,1,winter,0,2021-01-01
2021,25,0.1783,1.0766,-0.66,72.47,1.85,0.35,40.0,117.0,1,winter,0,2021-01-01
2021,26,6.8186,3.2412,-0.82,55.07,3.17,0.0,40.0,117.0,1,winter,1,2021-01-01
2021,27,0.3691,1.8024,-2.55,59.46,3.09,0.0,40.0,117.0,1,winter,0,2021-01-01
2021,28,7.7186,3.4147,-6.67,32.35,6.06,0.0,40.0,117.0,1,winter,1,2021-01-01
2021,29,6.9655,3.2897,-5.56,46.59,1.68,0.0,40.0,117.0,1,winter,1,2021-01-01
2021,30,7.1431,3.3768,-2.07,56.06,4.08,0.0,40.0,117.0,1,winter,1,2021-01-01
2021,31,3.7855,2.6026,-3.11,75.84,2.66,0.0,40.0,117.0,1,winter,0,2021-01-01
2021,32,8.6484,3.6996,-2.89,41.71,5.88,0.0,40.0,117.0,2,winter,1,2021-02-01
2021,33,8.461,3.7044,-5.83,40.72,3.11,0.0,40.0,117.0,2,winter,1,2021-02-01
2021,34,7.0176,3.5268,-2.95,40.7,3.81,0.0,40.0,117.0,2,winter,1,2021-02-01
2021,35,7.4222,3.4954,-0.92,50.16,3.14,0.0,40.0,117.0,2,winter,1,2021-02-01
2021,36,6.8244,3.5369,2.4,52.2,3.33,0.0,40.0,117.0,2,winter,1,2021-02-01
2021,37,6.6533,3.5582,4.49,53.93,3.3,0.0,40.0,117.0,2,winter,1,2021-02-01
2021,38,8.8006,3.9194,-0.32,48.26,3.46,0.0,40.0,117.0,2,winter,1,2021-02-01
2021,39,8.1934,3.893,0.21,46.77,2.52,0.0,40.0,117.0,2,winter,1,2021-02-01
2021,40,6.9874,3.702,1.25,61.11,1.63,0.0,40.0,117.0,2,winter,1,2021-02-01
2021,41,7.3145,3.9132,3.47,52.22,2.55,0.0,40.0,117.0,2,winter,1,2021-02-01
2021,42,2.3962,2.7866,3.58,80.64,2.44,0.0,40.0,117.0,2,winter,0,2021-02-01
2021,43,4.4537,3.264,5.12,77.98,3.1,0.0,40.0,117.0,2,winter,0,2021-02-01
2021,44,0.0761,1.8036,3.15,90.02,2.47,0.12,40.0,117.0,2,winter,0,2021-02-01
2021,45,0.1656,0.8273,2.39,70.28,3.63,1.04,40.0,117.0,2,winter,0,2021-02-01
2021,46,7.7381,4.1314,-0.69,40.85,4.23,0.12,40.0,117.0,2,winter,1,2021-02-01
2021,47,7.5864,4.1309,-3.63,30.89,7.23,0.0,40.0,117.0,2,winter,1,2021-02-01
2021,48,9.762,4.5662,-5.55,33.17,4.73,0.0,40.0,117.0,2,winter,1,2021-02-01
2021,49,7.3402,4.1558,-2.48,48.41,2.63,0.0,40.0,117.0,2,winter,1,2021-02-01
2021,50,5.659,3.8196,3.74,57.42,3.26,0.0,40.0,117.0,2,winter,1,2021-02-01
2021,51,5.6434,3.9972,8.05,44.52,2.69,0.0,40.0,117.0,2,winter,1,2021-02-01
2021,52,5.6784,3.9948,9.95,44.57,3.79,0.0,40.0,117.0,2,winter,1,2021-02-01
2021,53,9.119,4.6222,3.65,45.92,3.0,0.0,40.0,117.0,2,winter,1,2021-02-01
2021,54,0.0298,2.0813,-0.99,65.1,2.97,0.0,40.0,117.0,2,winter,0,2021-02-01
2021,55,3.9806,3.6845,0.15,67.27,1.39,0.0,40.0,117.0,2,winter,0,2021-02-01
2021,56,5.2174,4.1002,1.77,70.48,2.17,0.0,40.0,117.0,2,winter,1,2021-02-01
2021,57,6.7255,4.4316,2.3,71.15,2.11,0.0,40.0,117.0,2,winter,1,2021-02-01
2021,58,4.4585,3.6595,2.64,58.65,3.25,0.0,40.0,117.0,2,winter,0,2021-02-01
2021,59,0.0842,1.2144,1.96,78.62,3.46,10.86,40.0,117.0,2,winter,0,2021-02-01
2021,60,5.8666,4.3488,0.03,54.95,3.06,2.27,40.0,117.0,2,winter,1,2021-02-01
2021,61,3.9295,3.3595,-0.95,74.89,2.77,0.26,40.0,117.0,3,spring,0,2021-03-01
2021,62,2.5596,2.9638,2.27,80.86,2.54,0.0,40.0,117.0,3,spring,0,2021-03-01
2021,63,3.3254,3.637,4.43,83.32,2.49,0.0,40.0,117.0,3,spring,0,2021-03-01
2021,64,0.9247,2.6338,2.84,61.97,4.59,0.0,40.0,117.0,3,spring,0,2021-03-01
2021,65,7.7275,4.9406,-0.92,47.86,2.49,0.0,40.0,117.0,3,spring,1,2021-03-01
2021,66,7.4976,5.0136,0.16,61.02,2.25,0.0,40.0,117.0,3,spring,1,2021-03-01
2021,67,3.2998,3.899,3.25,65.95,2.46,0.0,40.0,117.0,3,spring,0,2021-03-01
2021,68,4.6603,4.4575,6.29,74.38,1.79,0.0,40.0,117.0,3,spring,0,2021-03-01
2021,69,0.9823,2.923,8.34,76.77,4.17,0.0,40.0,117.0,3,spring,0,2021-03-01
2021,70,0.4322,2.4341,9.81,78.06,3.21,0.4,40.0,117.0,3,spring,0,2021-03-01
2021,71,0.025,0.6463,8.14,78.92,3.48,5.01,40.0,117.0,3,spring,0,2021-03-01
2021,72,4.3625,4.5492,8.24,71.31,1.95,0.19,40.0,117.0,3,spring,0,2021-03-01
2021,73,0.0542,0.9703,7.87,86.01,2.86,0.14,40.0,117.0,3,spring,0,2021-03-01
2021,74,2.4744,4.1275,7.86,47.04,5.67,0.03,40.0,117.0,3,spring,0,2021-03-01
2021,75,6.9967,5.5243,5.16,39.44,2.87,0.04,40.0,117.0,3,spring,1,2021-03-01
2021,76,1.9159,3.7841,6.63,43.95,2.63,0.0,40.0,117.0,3,spring,0,2021-03-01
2021,77,0.755,2.7653,6.83,61.17,2.2,2.54,40.0,117.0,3,spring,0,2021-03-01
2021,78,0.559,2.5718,5.93,71.11,2.18,11.24,40.0,117.0,3,spring,0,2021-03-01
2021,79,6.1896,5.2546,6.02,54.46,5.95,0.26,40.0,117.0,3,spring,1,2021-03-01
2021,80,10.5881,6.2774,4.24,36.49,5.8,0.57,40.0,117.0,3,spring,1,2021-03-01
2021,81,6.0989,5.5253,7.8,39.75,4.4,0.0,40.0,117.0,3,spring,1,2021-03-01
2021,82,3.9031,4.9459,10.66,42.12,3.84,0.0,40.0,117.0,3,spring,0,2021-03-01
2021,83,8.6664,6.1022,11.44,45.17,4.5,0.0,40.0,117.0,3,spring,1,2021-03-01
2021,84,4.7179,5.1302,11.75,52.1,3.02,0.0,40.0,117.0,3,spring,0,2021-03-01
2021,85,0.0528,1.4357,9.88,78.42,2.06,1.22,40.0,117.0,3,spring,0,2021-03-01
2021,86,3.0432,4.243,10.93,83.72,2.64,0.09,40.0,117.0,3,spring,0,2021-03-01
2021,87,3.9684,5.0239,10.64,47.33,6.07,0.0,40.0,117.0,3,spring,0,2021-03-01
2021,88,6.5304,6.1061,10.18,34.71,3.2,0.0,40.0,117.0,3,spring,1,2021-03-01
2021,89,5.5886,5.7276,11.88,42.65,3.56,0.0,40.0,117.0,3,spring,1,2021-03-01
2021,90,5.605,5.833,14.44,48.46,3.67,0.0,40.0,117.0,3,spring,1,2021-03-01
2021,91,0.3418,2.7408,13.93,45.92,3.53,0.01,40.0,117.0,3,spring,0,2021-03-01
2021,92,0.317,2.2942,13.29,56.39,2.29,1.5,40.0,117.0,4,spring,0,2021-04-01
2021,93,8.3866,6.5914,12.12,37.35,4.45,0.34,40.0,117.0,4,spring,1,2021-04-01
2021,94,10.1124,6.8597,10.73,35.03,3.83,0.36,40.0,117.0,4,spring,1,2021-04-01
2021,95,2.4818,4.5516,11.64,43.12,3.8,0.0,40.0,117.0,4,spring,0,2021-04-01
2021,96,6.127,6.0012,13.14,47.75,2.35,0.0,40.0,117.0,4,spring,1,2021-04-01
2021,97,8.6702,6.443,12.2,43.25,3.91,0.0,40.0,117.0,4,spring,1,2021-04-01
2021,98,7.1102,6.3514,11.62,42.14,2.1,0.0,40.0,117.0,4,spring,1,2021-04-01
2021,99,1.6855,3.7697,11.67,45.8,4.71,0.0,40.0,117.0,4,spring,0,2021-04-01
2021,100,2.0026,4.2538,13.49,50.97,3.22,0.0,40.0,117.0,4,spring,0,2021-04-01
2021,101,0.0986,2.5709,12.58,66.3,3.44,0.0,40.0,117.0,4,spring,0,2021-04-01
2021,102,0.2911,2.2531,13.05,59.05,3.89,0.02,40.0,117.0,4,spring,0,2021-04-01
2021,103,11.1828,7.53,8.82,32.78,3.48,0.0,40.0,117.0,4,spring,1,2021-04-01
2021,104,10.2622,7.3392,11.98,32.97,4.36,0.0,40.0,117.0,4,spring,1,2021-04-01
2021,105,3.9893,4.6615,12.38,43.28,6.57,2.02,40.0,117.0,4,spring,0,2021-04-01
2021,106,4.7698,5.4806,9.51,31.04,5.88,0.0,40.0,117.0,4,spring,0,2021-04-01
2021,107,9.9504,7.433,10.6,30.52,4.64,0.0,40.0,117.0,4,spring,1,2021-04-01
2021,108,11.088,7.5866,14.52,29.82,3.98,0.0,40.0,117.0,4,spring,1,2021-04-01
2021,109,8.9052,7.1966,17.9,38.23,2.48,0.0,40.0,117.0,4,spring,1,2021-04-01
2021,110,4.6008,5.9959,17.76,47.33,4.41,0.0,40.0,117.0,4,spring,0,2021-04-01
2021,111,1.1566,3.8784,15.37,58.03,3.32,0.09,40.0,117.0,4,spring,0,2021-04-01
2021,112,0.216,2.4185,12.25,76.9,3.42,4.37,40.0,117.0,4,spring,0,2021-04-01
2021,113,5.2349,5.5872,14.66,68.06,4.45,0.05,40.0,117.0,4,spring,1,2021-04-01
2021,114,3.6197,5.1715,16.28,62.69,3.91,0.0,40.0,117.0,4,spring,0,2021-04-01
2021,115,1.2648,4.4998,15.59,47.04,2.87,0.0,40.0,117.0,4,spring,0,2021-04-01
2021,116,2.2116,4.8288,13.45,50.24,3.29,0.37,40.0,117.0,4,spring,0,2021-04-01
2021,117,5.3189,6.1006,14.51,36.78,5.5,0.01,40.0,117.0,4,spring,1,2021-04-01
2021,118,7.9586,7.259,14.91,30.58,4.15,0.01,40.0,117.0,4,spring,1,2021-04-01
2021,119,4.949,5.6832,13.49,33.83,5.72,0.04,40.0,117.0,4,spring,1,2021-04-01
2021,120,2.7847,4.2982,9.79,40.22,3.2,0.7,40.0,117.0,4,spring,0,2021-04-01
2021,121,7.1417,6.8866,11.82,35.18,5.67,0.0,40.0,117.0,4,spring,1,2021-04-01
2021,122,10.301,7.937,13.85,32.89,4.75,0.0,40.0,117.0,5,spring,1,2021-05-01
2021,123,5.8286,6.6804,15.85,50.9,4.1,0.0,40.0,117.0,5,spring,1,2021-05-01
2021,124,7.4743,6.8011,15.96,30.8,5.96,0.0,40.0,117.0,5,spring,1,2021-05-01
2021,125,10.2518,7.8732,17.78,26.38,5.42,0.0,40.0,117.0,5,spring,1,2021-05-01
2021,126,3.2282,6.0005,17.39,30.92,6.91,0.0,40.0,117.0,5,spring,0,2021-05-01
2021,127,9.3694,7.92,18.73,28.54,6.18,0.0,40.0,117.0,5,spring,1,2021-05-01
2021,128,11.1358,8.2656,19.12,26.28,5.95,0.0,40.0,117.0,5,spring,1,2021-05-01
2021,129,1.7861,5.0306,18.84,32.61,4.0,0.0,40.0,117.0,5,spring,0,2021-05-01
2021,130,5.0302,6.9612,18.49,51.0,3.58,0.0,40.0,117.0,5,spring,1,2021-05-01
2021,131,7.2775,7.1825,18.14,52.31,4.43,0.0,40.0,117.0,5,spring,1,2021-05-01
2021,132,1.8007,4.3579,20.81,44.47,2.68,0.0,40.0,117.0,5,spring,0,2021-05-01
2021,133,0.2167,2.5596,21.47,50.8,3.35,0.14,40.0,117.0,5,spring,0,2021-05-01
2021,134,0.6226,3.3773,21.76,66.96,3.88,0.17,40.0,117.0,5,spring,0,2021-05-01
2021,135,0.0586,1.057,18.57,55.98,5.12,2.43,40.0,117.0,5,spring,0,2021-05-01
2021,136,3.2731,5.5692,19.8,32.32,4.02,0.06,40.0,117.0,5,spring,0,2021-05-01
2021,137,8.033,7.4712,23.03,26.73,3.89,0.02,40.0,117.0,5,spring,1,2021-05-01
2021,138,5.459,5.8745,25.07,27.84,3.94,0.0,40.0,117.0,5,spring,1,2021-05-01
2021,139,6.2381,7.1573,23.81,36.86,4.43,0.02,40.0,117.0,5,spring,1,2021-05-01
2021,140,0.9444,4.3421,23.12,52.94,3.48,0.26,40.0,117.0,5,spring,0,2021-05-01
2021,141,5.2421,6.7361,23.47,47.83,2.95,0.08,40.0,117.0,5,spring,1,2021-05-01
2021,142,5.0455,6.7968,26.32,52.17,4.15,3.58,40.0,117.0,5,spring,1,2021-05-01
2021,143,3.979,6.883,20.96,34.08,6.38,4.19,40.0,117.0,5,spring,0,2021-05-01
2021,144,4.8084,6.3322,18.59,34.38,3.95,4.83,40.0,117.0,5,spring,1,2021-05-01
2021,145,5.4574,6.6598,20.34,29.2,4.84,0.08,40.0,117.0,5,spring,1,2021-05-01
2021,146,2.9462,5.6544,21.05,34.19,4.14,1.7,40.0,117.0,5,spring,0,2021-05-01
2021,147,1.279,3.241,20.16,40.75,4.74,1.54,40.0,117.0,5,spring,0,2021-05-01
2021,148,7.1647,7.5101,22.14,32.06,5.68,0.05,40.0,117.0,5,spring,1,2021-05-01
2021,149,10.1986,8.3678,21.12,41.73,4.96,1.03,40.0,117.0,5,spring,1,2021-05-01
2021,150,8.1667,7.9553,20.85,47.32,3.05,0.59,40.0,117.0,5,spring,1,2021-05-01
2021,151,0.2628,1.7426,17.8,62.04,2.81,2.73,40.0,117.0,5,spring,0,2021-05-01
2021,152,8.1545,8.0374,22.67,45.88,3.97,0.18,40.0,117.0,5,spring,1,2021-05-01
2021,153,2.1317,4.6896,21.65,51.26,3.6,2.18,40.0,117.0,6,summer,0,2021-06-01
2021,154,10.669,8.515,21.32,28.34,4.93,0.02,40.0,117.0,6,summer,1,2021-06-01
2021,155,8.2272,7.6678,23.21,33.34,5.0,0.02,40.0,117.0,6,summer,1,2021-06-01
2021,156,7.5002,7.4683,25.79,30.9,4.0,0.0,40.0,117.0,6,summer,1,2021-06-01
2021,157,6.4214,7.2629,26.41,31.39,4.17,0.38,40.0,117.0,6,summer,1,2021-06-01
2021,158,1.5749,4.8631,24.04,52.93,5.09,0.39,40.0,117.0,6,summer,0,2021-06-01
2021,159,1.6562,5.5966,24.88,58.17,2.54,0.05,40.0,117.0,6,summer,0,2021-06-01
2021,160,0.0955,2.7857,24.33,59.62,2.21,0.62,40.0,117.0,6,summer,0,2021-06-01
2021,161,6.5434,7.5259,25.03,51.12,2.96,1.28,40.0,117.0,6,summer,1,2021-06-01
2021,162,5.4857,6.8998,28.44,40.21,3.12,0.05,40.0,117.0,6,summer,1,2021-06-01
2021,163,3.911,6.6461,29.33,43.04,3.61,0.0,40.0,117.0,6,summer,0,2021-06-01
2021,164,1.0658,4.6776,26.77,70.48,3.17,14.81,40.0,117.0,6,summer,0,2021-06-01
2021,165,0.2045,2.1204,24.46,85.19,3.42,15.27,40.0,117.0,6,summer,0,2021-06-01
2021,166,1.8816,5.0549,24.9,65.22,3.59,0.17,40.0,117.0,6,summer,0,2021-06-01
2021,167,0.1841,2.0928,22.77,68.63,3.15,8.69,40.0,117.0,6,summer,0,2021-06-01
2021,168,9.4728,8.3784,25.65,50.07,3.28,0.57,40.0,117.0,6,summer,1,2021-06-01
2021,169,7.8782,7.9399,26.24,29.44,4.81,0.06,40.0,117.0,6,summer,1,2021-06-01
2021,170,11.057,8.537,27.45,27.34,5.3,0.0,40.0,117.0,6,summer,1,2021-06-01
2021,171,9.0929,7.8533,28.67,31.62,2.63,0.0,40.0,117.0,6,summer,1,2021-06-01
2021,172,7.6846,7.5588,28.36,38.44,4.06,0.0,40.0,117.0,6,summer,1,2021-06-01
2021,173,7.6949,7.4923,27.52,43.47,2.82,0.0,40.0,117.0,6,summer,1,2021-06-01
2021,174,1.1578,3.9082,23.91,57.73,2.11,3.78,40.0,117.0,6,summer,0,2021-06-01
2021,175,1.117,4.5175,22.73,74.96,1.73,7.58,40.0,117.0,6,summer,0,2021-06-01
2021,176,0.0437,1.272,23.12,85.9,3.67,24.46,40.0,117.0,6,summer,0,2021-06-01
2021,177,0.6062,2.9347,24.72,77.32,2.49,6.67,40.0,117.0,6,summer,0,2021-06-01
2021,178,4.3054,6.7781,27.23,65.11,2.19,0.67,40.0,117.0,6,summer,0,2021-06-01
2021,179,3.2386,5.958,26.17,73.27,2.59,6.88,40.0,117.0,6,summer,0,2021-06-01
2021,180,0.1968,2.8531,24.19,80.23,2.8,19.52,40.0,117.0,6,summer,0,2021-06-01
2021,181,3.4978,5.9458,25.59,80.29,2.53,8.81,40.0,117.0,6,summer,0,2021-06-01
2021,182,2.2349,4.9147,22.78,89.95,2.42,23.28,40.0,117.0,6,summer,0,2021-06-01
2021,183,5.3285,7.135,24.49,78.32,2.82,0.8,40.0,117.0,7,summer,1,2021-07-01
2021,184,1.0145,3.719,22.97,85.9,3.47,48.11,40.0,117.0,7,summer,0,2021-07-01
2021,185,5.1154,6.6821,24.7,75.99,2.17,1.62,40.0,117.0,7,summer,1,2021-07-01
2021,186,2.6688,4.6718,25.74,75.17,2.96,24.66,40.0,117.0,7,summer,0,2021-07-01
2021,187,1.7767,4.367,24.77,82.84,1.81,12.24,40.0,117.0,7,summer,0,2021-07-01
2021,188,4.5847,6.6475,25.72,82.12,1.74,1.61,40.0,117.0,7,summer,0,2021-07-01
2021,189,4.5653,6.5489,26.36,76.65,1.67,3.65,40.0,117.0,7,summer,0,2021-07-01
2021,190,6.4486,7.3531,25.76,78.43,2.01,4.84,40.0,117.0,7,summer,1,2021-07-01
2021,191,1.5566,4.5998,26.33,82.48,2.49,5.95,40.0,117.0,7,summer,0,2021-07-01
2021,192,1.1686,4.3826,27.16,85.77,2.93,2.68,40.0,117.0,7,summer,0,2021-07-01
2021,193,0.0794,0.8491,25.84,93.61,7.19,108.87,40.0,117.0,7,summer,0,2021-07-01
2021,194,0.4306,2.813,27.11,82.83,1.56,26.4,40.0,117.0,7,summer,0,2021-07-01
2021,195,1.6406,3.9806,27.49,81.97,1.44,7.2,40.0,117.0,7,summer,0,2021-07-01
2021,196,1.531,4.3452,26.8,86.27,2.68,2.38,40.0,117.0,7,summer,0,2021-07-01
2021,197,0.7166,3.2489,26.36,85.23,3.02,3.7,40.0,117.0,7,summer,0,2021-07-01
2021,198,0.4126,2.9962,25.79,87.37,3.95,6.06,40.0,117.0,7,summer,0,2021-07-01
2021,199,0.2726,3.3708,25.44,88.03,2.51,8.17,40.0,117.0,7,summer,0,2021-07-01
2021,200,0.8261,4.123,25.41,87.49,2.71,1.95,40.0,117.0,7,summer,0,2021-07-01
2021,201,0.9706,4.525,25.94,83.58,2.5,0.39,40.0,117.0,7,summer,0,2021-07-01
2021,202,1.4666,4.511,25.08,89.9,2.81,6.95,40.0,117.0,7,summer,0,2021-07-01
2021,203,0.2285,3.3782,25.39,84.99,2.28,2.58,40.0,117.0,7,summer,0,2021-07-01
2021,204,4.1834,6.1716,26.16,75.96,1.79,0.04,40.0,117.0,7,summer,0,2021-07-01
2021,205,3.5026,5.6004,27.2,80.65,2.23,0.0,40.0,117.0,7,summer,0,2021-07-01
2021,206,0.6391,3.5678,27.41,81.64,3.49,0.47,40.0,117.0,7,summer,0,2021-07-01
2021,207,0.8347,2.6347,27.27,83.11,3.29,1.21,40.0,117.0,7,summer,0,2021-07-01
2021,208,0.5129,2.5236,26.99,85.85,1.95,6.44,40.0,117.0,7,summer,0,2021-07-01
2021,209,0.2314,3.4714,25.23,86.76,2.09,7.04,40.0,117.0,7,summer,0,2021-07-01
2021,210,0.0842,2.0316,23.68,84.72,3.74,47.68,40.0,117.0,7,summer,0,2021-07-01
2021,211,0.1092,1.2612,24.52,85.02,5.3,22.34,40.0,117.0,7,summer,0,2021-07-01
2021,212,6.9826,6.9859,26.8,80.34,1.93,6.5,40.0,117.0,7,summer,1,2021-07-01
2021,213,5.4478,6.1315,25.37,76.39,3.47,0.27,40.0,117.0,7,summer,1,2021-07-01
2021,214,5.61,6.2777,24.87,74.24,2.94,0.03,40.0,117.0,8,summer,1,2021-08-01
2021,215,2.2027,5.125,24.99,84.22,2.77,4.25,40.0,117.0,8,summer,0,2021-08-01
2021,216,1.8058,4.8245,25.76,88.13,3.25,4.57,40.0,117.0,8,summer,0,2021-08-01
2021,217,3.7243,5.879,26.21,81.78,1.4,7.04,40.0,117.0,8,summer,0,2021-08-01
2021,218,4.728,6.1344,25.97,72.54,1.51,2.32,40.0,117.0,8,summer,0,2021-08-01
2021,219,4.3358,6.2018,25.66,74.4,1.72,0.0,40.0,117.0,8,summer,0,2021-08-01
2021,220,0.6857,4.1978,25.88,79.71,1.75,2.3,40.0,117.0,8,summer,0,2021-08-01
2021,221,2.4118,5.1113,26.12,78.19,1.41,25.16,40.0,117.0,8,summer,0,2021-08-01
2021,222,6.1524,6.5426,25.77,72.24,1.99,0.74,40.0,117.0,8,summer,1,2021-08-01
2021,223,3.215,5.2306,24.52,77.96,2.42,0.05,40.0,117.0,8,summer,0,2021-08-01
2021,224,1.2677,3.9338,23.9,84.14,2.23,1.56,40.0,117.0,8,summer,0,2021-08-01
2021,225,0.918,3.865,23.36,84.64,2.11,3.78,40.0,117.0,8,summer,0,2021-08-01
2021,226,0.5333,3.4968,22.95,87.43,2.19,4.99,40.0,117.0,8,summer,0,2021-08-01
2021,227,0.0888,2.1439,23.33,86.31,2.67,2.59,40.0,117.0,8,summer,0,2021-08-01
2021,228,1.1098,3.8057,23.55,85.82,1.62,10.68,40.0,117.0,8,summer,0,2021-08-01
2021,229,6.6946,6.5719,24.12,73.76,2.11,1.51,40.0,117.0,8,summer,1,2021-08-01
2021,230,4.8533,5.6844,23.58,76.27,2.25,0.3,40.0,117.0,8,summer,1,2021-08-01
2021,231,0.2484,1.1558,21.76,94.64,2.28,42.52,40.0,117.0,8,summer,0,2021-08-01
2021,232,3.337,4.7462,23.57,85.06,1.67,1.19,40.0,117.0,8,summer,0,2021-08-01
2021,233,8.9227,6.8856,23.96,71.69,2.25,0.01,40.0,117.0,8,summer,1,2021-08-01
2021,234,0.9516,3.2453,24.86,85.96,3.49,0.18,40.0,117.0,8,summer,0,2021-08-01
2021,235,3.114,5.3088,24.8,83.98,2.74,10.93,40.0,117.0,8,summer,0,2021-08-01
2021,236,4.3366,5.6846,22.98,71.34,2.25,14.5,40.0,117.0,8,summer,0,2021-08-01
2021,237,5.335,5.6928,20.5,68.67,3.09,1.72,40.0,117.0,8,summer,1,2021-08-01
2021,238,7.8002,6.42,21.94,66.96,2.51,0.23,40.0,117.0,8,summer,1,2021-08-01
2021,239,9.2179,6.5878,22.09,66.46,2.79,0.01,40.0,117.0,8,summer,1,2021-08-01
2021,240,1.3944,4.3538,20.81,71.84,2.96,0.12,40.0,117.0,8,summer,0,2021-08-01
2021,241,5.129,5.6474,22.35,75.78,2.1,0.19,40.0,117.0,8,summer,1,2021-08-01
2021,242,2.371,4.7318,22.29,79.64,1.59,0.18,40.0,117.0,8,summer,0,2021-08-01
2021,243,1.4172,3.8186,21.94,82.97,2.06,3.15,40.0,117.0,8,summer,0,2021-08-01
2021,244,5.9746,5.9081,22.29,75.33,2.1,0.0,40.0,117.0,8,summer,1,2021-08-01
2021,245,3.8177,4.8768,22.62,76.17,2.32,0.9,40.0,117.0,9,autumn,0,2021-09-01
2021,246,3.5822,5.0347,23.09,83.69,1.99,0.6,40.0,117.0,9,autumn,0,2021-09-01
2021,247,0.2102,1.4467,22.24,89.77,2.61,11.41,40.0,117.0,9,autumn,0,2021-09-01
2021,248,0.1378,2.2416,20.84,89.71,1.81,3.76,40.0,117.0,9,autumn,0,2021-09-01
2021,249,1.2293,2.5426,20.0,81.64,3.14,28.62,40.0,117.0,9,autumn,0,2021-09-01
2021,250,8.0021,6.1807,19.87,77.34,2.46,0.01,40.0,117.0,9,autumn,1,2021-09-01
2021,251,5.2428,5.3441,20.97,82.83,2.08,0.35,40.0,117.0,9,autumn,1,2021-09-01
2021,252,1.8684,3.3828,21.44,88.84,2.19,11.82,40.0,117.0,9,autumn,0,2021-09-01
2021,253,7.1218,5.729,22.1,81.22,2.66,0.0,40.0,117.0,9,autumn,1,2021-09-01
2021,254,5.5349,5.2848,24.47,81.03,2.06,0.05,40.0,117.0,9,autumn,1,2021-09-01
2021,255,0.1222,1.4246,21.4,87.18,4.68,7.46,40.0,117.0,9,autumn,0,2021-09-01
2021,256,1.1738,3.4762,22.4,85.6,2.51,7.06,40.0,117.0,9,autumn,0,2021-09-01
2021,257,1.308,3.2234,20.68,72.77,2.81,0.1,40.0,117.0,9,autumn,0,2021-09-01
2021,258,0.5042,2.3873,20.62,74.18,2.14,0.02,40.0,117.0,9,autumn,0,2021-09-01
2021,259,0.2112,2.0263,20.78,82.26,1.97,2.05,40.0,117.0,9,autumn,0,2021-09-01
2021,260,9.0667,6.0127,19.85,69.63,2.18,0.0,40.0,117.0,9,autumn,1,2021-09-01
2021,261,2.1614,4.0733,19.93,74.13,1.55,0.01,40.0,117.0,9,autumn,0,2021-09-01
2021,262,0.0653,1.7165,17.79,89.08,1.92,29.1,40.0,117.0,9,autumn,0,2021-09-01
2021,263,0.0869,0.9194,17.05,84.35,7.38,39.86,40.0,117.0,9,autumn,0,2021-09-01
2021,264,3.6,4.0843,18.29,72.2,3.38,0.02,40.0,117.0,9,autumn,0,2021-09-01
2021,265,8.9304,5.6988,19.46,68.6,2.47,0.0,40.0,117.0,9,autumn,1,2021-09-01
2021,266,3.7447,3.9648,19.29,82.51,3.86,0.76,40.0,117.0,9,autumn,0,2021-09-01
2021,267,0.0665,0.8359,18.82,92.22,4.2,12.09,40.0,117.0,9,autumn,0,2021-09-01
2021,268,0.3341,1.6114,20.17,83.95,2.23,4.04,40.0,117.0,9,autumn,0,2021-09-01
2021,269,0.1361,1.1974,19.32,90.17,2.33,5.37,40.0,117.0,9,autumn,0,2021-09-01
2021,270,6.6761,4.9006,19.98,78.5,2.14,0.1,40.0,117.0,9,autumn,1,2021-09-01
2021,271,0.5052,3.0852,19.08,91.91,2.88,0.78,40.0,117.0,9,autumn,0,2021-09-01
2021,272,7.3694,5.1583,19.61,79.74,2.41,0.12,40.0,117.0,9,autumn,1,2021-09-01
2021,273,1.2552,2.1341,18.39,86.28,2.97,0.98,40.0,117.0,9,autumn,0,2021-09-01
2021,274,6.378,4.7712,16.66,74.79,3.09,0.0,40.0,117.0,9,autumn,1,2021-09-01
2021,275,0.7214,2.04,17.94,87.37,2.86,0.38,40.0,117.0,10,autumn,0,2021-10-01
2021,276,0.1114,1.3694,18.64,89.35,3.01,14.09,40.0,117.0,10,autumn,0,2021-10-01
2021,277,0.0612,1.3363,14.58,75.76,3.45,13.75,40.0,117.0,10,autumn,0,2021-10-01
2021,278,0.1738,2.4336,13.64,76.57,2.34,8.19,40.0,117.0,10,autumn,0,2021-10-01
2021,279,0.1159,1.0956,11.03,85.07,1.93,11.89,40.0,117.0,10,autumn,0,2021-10-01
2021,280,7.5566,4.7177,12.06,76.54,1.99,0.0,40.0,117.0,10,autumn,1,2021-10-01
2021,281,5.2025,4.3373,13.68,80.59,2.16,0.18,40.0,117.0,10,autumn,1,2021-10-01
2021,282,0.1126,0.9058,13.55,88.53,1.73,3.52,40.0,117.0,10,autumn,0,2021-10-01
2021,283,2.6148,3.5909,10.86,66.93,3.66,0.0,40.0,117.0,10,autumn,0,2021-10-01
2021,284,9.7649,5.0614,10.54,58.43,2.85,0.01,40.0,117.0,10,autumn,1,2021-10-01
2021,285,8.4902,4.6426,11.69,58.89,2.11,0.0,40.0,117.0,10,autumn,1,2021-10-01
2021,286,1.4234,2.7038,13.25,70.14,2.13,0.44,40.0,117.0,10,autumn,0,2021-10-01
2021,287,0.3182,1.6428,14.83,73.79,2.1,0.47,40.0,117.0,10,autumn,0,2021-10-01
2021,288,4.4585,3.821,12.3,63.07,5.07,0.0,40.0,117.0,10,autumn,0,2021-10-01
2021,289,9.3854,4.727,4.71,55.02,3.75,0.0,40.0,117.0,10,autumn,1,2021-10-01
2021,290,9.2527,4.7045,5.36,63.81,3.61,0.0,40.0,117.0,10,autumn,1,2021-10-01
2021,291,4.9814,3.9334,7.73,78.2,2.41,0.0,40.0,117.0,10,autumn,1,2021-10-01
2021,292,9.3096,4.6327,6.09,62.95,2.81,0.0,40.0,117.0,10,autumn,1,2021-10-01
2021,293,8.4502,4.4194,7.29,63.54,1.87,0.0,40.0,117.0,10,autumn,1,2021-10-01
2021,294,8.4274,4.387,8.66,65.92,3.58,0.0,40.0,117.0,10,autumn,1,2021-10-01
2021,295,8.617,4.3865,8.37,63.12,3.18,0.0,40.0,117.0,10,autumn,1,2021-10-01
2021,296,7.7302,4.169,8.39,66.76,2.54,0.0,40.0,117.0,10,autumn,1,2021-10-01
2021,297,5.261,3.6271,9.01,74.93,2.07,0.0,40.0,117.0,10,autumn,1,2021-10-01
2021,298,3.1246,3.1831,10.56,86.42,1.66,0.0,40.0,117.0,10,autumn,0,2021-10-01
2021,299,6.8198,3.7898,11.23,69.14,4.0,0.0,40.0,117.0,10,autumn,1,2021-10-01
2021,300,8.6306,4.133,10.54,61.74,3.25,0.0,40.0,117.0,10,autumn,1,2021-10-01
2021,301,2.387,2.9676,9.91,69.11,2.65,0.0,40.0,117.0,10,autumn,0,2021-10-01
2021,302,2.6839,2.929,10.3,84.11,2.25,0.0,40.0,117.0,10,autumn,0,2021-10-01
2021,303,2.6698,2.8889,11.1,77.21,2.27,0.0,40.0,117.0,10,autumn,0,2021-10-01
2021,304,1.4287,2.1552,8.07,79.12,3.69,0.0,40.0,117.0,10,autumn,0,2021-10-01
2021,305,3.5878,2.5625,7.61,75.19,1.96,0.0,40.0,117.0,10,autumn,0,2021-10-01
2021,306,0.1039,0.7682,6.0,93.91,1.3,0.22,40.0,117.0,11,autumn,0,2021-11-01
2021,307,4.1278,3.1056,8.25,82.46,1.78,0.0,40.0,117.0,11,autumn,0,2021-11-01
2021,308,4.1534,2.7317,8.34,84.47,1.87,0.0,40.0,117.0,11,autumn,0,2021-11-01
2021,309,1.9502,2.4502,8.88,88.07,2.06,0.0,40.0,117.0,11,autumn,0,2021-11-01
2021,310,0.018,0.635,7.37,91.54,4.92,10.16,40.0,117.0,11,autumn,0,2021-11-01
2021,311,0.1327,0.5882,-1.78,82.63,5.66,18.85,40.0,117.0,11,autumn,0,2021-11-01
2021,312,6.151,3.017,-2.61,74.53,5.15,0.0,40.0,117.0,11,autumn,1,2021-11-01
2021,313,6.1702,2.9842,0.55,73.27,4.69,0.0,40.0,117.0,11,autumn,1,2021-11-01
2021,314,6.4982,3.2904,3.39,70.14,4.69,0.0,40.0,117.0,11,autumn,1,2021-11-01
2021,315,8.0813,3.4946,2.45,66.36,4.28,0.0,40.0,117.0,11,autumn,1,2021-11-01
2021,316,6.6626,3.2688,4.0,65.27,2.85,0.0,40.0,117.0,11,autumn,1,2021-11-01
2021,317,6.4579,3.2359,5.09,67.68,3.34,0.0,40.0,117.0,11,autumn,1,2021-11-01
2021,318,5.2001,3.0302,5.58,66.09,2.83,0.0,40.0,117.0,11,autumn,1,2021-11-01
2021,319,3.1812,2.4314,3.98,73.46,2.79,0.0,40.0,117.0,11,autumn,0,2021-11-01
2021,320,4.7532,2.893,4.16,86.52,2.2,0.0,40.0,117.0,11,autumn,0,2021-11-01
2021,321,2.1684,2.1086,3.67,87.56,1.59,0.0,40.0,117.0,11,autumn,0,2021-11-01
2021,322,1.2547,1.9385,5.07,77.06,1.94,0.0,40.0,117.0,11,autumn,0,2021-11-01
2021,323,3.2501,2.5046,2.94,67.44,3.22,0.0,40.0,117.0,11,autumn,0,2021-11-01
2021,324,0.0288,1.3423,3.13,80.78,1.77,1.09,40.0,117.0,11,autumn,0,2021-11-01
2021,325,1.5778,2.0386,1.51,60.46,5.61,0.39,40.0,117.0,11,autumn,0,2021-11-01
2021,326,8.1523,3.21,-2.24,53.04,5.38,0.07,40.0,117.0,11,autumn,1,2021-11-01
2021,327,7.8084,3.0871,-0.64,61.18,2.87,0.0,40.0,117.0,11,autumn,1,2021-11-01
2021,328,5.3674,2.808,1.72,61.39,2.92,0.0,40.0,117.0,11,autumn,1,2021-11-01
2021,329,5.7689,2.8094,2.93,60.83,2.36,0.0,40.0,117.0,11,autumn,1,2021-11-01
2021,330,6.637,2.9018,2.17,69.35,3.3,0.0,40.0,117.0,11,autumn,1,2021-11-01
2021,331,3.7318,2.4038,2.84,82.43,1.58,0.0,40.0,117.0,11,autumn,0,2021-11-01
2021,332,0.775,1.5079,4.19,88.88,1.71,0.0,40.0,117.0,11,autumn,0,2021-11-01
2021,333,0.055,0.7044,1.77,87.86,2.4,2.05,40.0,117.0,11,autumn,0,2021-11-01
2021,334,7.6661,2.9237,-0.7,59.15,5.92,0.0,40.0,117.0,11,autumn,1,2021-11-01
2021,335,6.8604,2.7336,-0.48,65.46,3.15,0.0,40.0,117.0,11,autumn,1,2021-11-01
2021,336,6.4711,2.6738,0.7,64.33,3.65,0.0,40.0,117.0,12,winter,1,2021-12-01
2021,337,7.1136,2.7514,2.3,60.48,3.62,0.0,40.0,117.0,12,winter,1,2021-12-01
2021,338,6.2338,2.6503,2.57,66.85,2.66,0.0,40.0,117.0,12,winter,1,2021-12-01
2021,339,5.052,2.4626,1.9,82.23,2.03,0.0,40.0,117.0,12,winter,1,2021-12-01
2021,340,7.3778,2.773,3.43,58.94,3.61,0.0,40.0,117.0,12,winter,1,2021-12-01
2021,341,6.6684,2.6503,1.41,66.9,2.19,0.0,40.0,117.0,12,winter,1,2021-12-01
2021,342,0.1464,1.4952,0.48,85.07,1.63,0.08,40.0,117.0,12,winter,0,2021-12-01
2021,343,0.023,0.4001,1.27,95.38,1.3,1.89,40.0,117.0,12,winter,0,2021-12-01
2021,344,4.4112,2.3153,2.07,69.79,2.63,0.01,40.0,117.0,12,winter,0,2021-12-01
2021,345,3.6178,2.1631,1.56,63.83,3.06,0.0,40.0,117.0,12,winter,0,2021-12-01
2021,346,7.4897,2.7331,-2.59,53.53,3.41,0.0,40.0,117.0,12,winter,1,2021-12-01
2021,347,7.2559,2.6806,-2.91,66.36,2.53,0.0,40.0,117.0,12,winter,1,2021-12-01
2021,348,5.4221,2.4703,-1.3,68.94,1.69,0.0,40.0,117.0,12,winter,1,2021-12-01
2021,349,4.3541,2.268,-1.27,67.71,2.2,0.0,40.0,117.0,12,winter,0,2021-12-01
2021,350,7.201,2.6923,-2.54,59.37,4.92,0.0,40.0,117.0,12,winter,1,2021-12-01
2021,351,7.7314,2.7874,-7.36,53.21,4.56,0.0,40.0,117.0,12,winter,1,2021-12-01
2021,352,7.5194,2.7226,-4.52,63.03,4.06,0.0,40.0,117.0,12,winter,1,2021-12-01
2021,353,6.5318,2.5339,-1.22,60.27,2.23,0.0,40.0,117.0,12,winter,1,2021-12-01
2021,354,6.161,2.5373,0.58,66.78,2.85,0.0,40.0,117.0,12,winter,1,2021-12-01
2021,355,6.083,2.4991,-0.23,67.7,4.24,0.0,40.0,117.0,12,winter,1,2021-12-01
2021,356,4.5931,2.2992,-1.75,75.93,3.0,0.0,40.0,117.0,12,winter,0,2021-12-01
2021,357,0.0595,0.6595,-3.58,79.57,3.2,0.17,40.0,117.0,12,winter,0,2021-12-01
2021,358,7.7568,2.7907,-8.07,56.46,4.09,0.0,40.0,117.0,12,winter,1,2021-12-01
2021,359,7.6783,2.8094,-11.25,57.23,3.29,0.01,40.0,117.0,12,winter,1,2021-12-01
2021,360,7.6015,2.7341,-9.81,59.95,2.96,0.0,40.0,117.0,12,winter,1,2021-12-01
2021,361,7.4141,2.6988,-5.59,59.67,2.75,0.0,40.0,117.0,12,winter,1,2021-12-01
2021,362,7.3061,2.67,-4.22,60.16,3.03,0.0,40.0,117.0,12,winter,1,2021-12-01
2021,363,7.3793,2.6954,-4.51,61.4,3.83,0.0,40.0,117.0,12,winter,1,2021-12-01
2021,364,7.4806,2.7456,-4.19,59.7,3.49,0.0,40.0,117.0,12,winter,1,2021-12-01
2021,365,6.0108,2.5414,-3.98,59.9,2.03,0.0,40.0,117.0,12,winter,1,2021-12-01
2022,1,5.2925,2.477,-3.15,71.63,3.64,0.0,40.0,117.0,1,winter,1,2022-01-01
2022,2,6.5045,2.6803,-5.76,63.88,2.7,0.0,40.0,117.0,1,winter,1,2022-01-01
2022,3,6.3869,2.6215,-2.92,61.4,2.61,0.0,40.0,117.0,1,winter,1,2022-01-01
2022,4,5.6892,2.5524,-4.53,71.85,3.08,0.0,40.0,117.0,1,winter,1,2022-01-01
2022,5,4.3846,2.3088,-3.35,82.2,1.98,0.0,40.0,117.0,1,winter,0,2022-01-01
2022,6,6.9156,2.7132,-3.13,73.94,3.38,0.0,40.0,117.0,1,winter,1,2022-01-01
2022,7,4.4926,2.3513,-2.91,90.51,2.0,0.0,40.0,117.0,1,winter,0,2022-01-01
2022,8,5.0162,2.5303,-0.1,67.26,2.19,0.0,40.0,117.0,1,winter,1,2022-01-01
2022,9,0.8604,1.433,-2.16,84.78,2.36,0.0,40.0,117.0,1,winter,0,2022-01-01
2022,10,7.519,2.8886,-4.41,63.17,4.34,0.0,40.0,117.0,1,winter,1,2022-01-01
2022,11,7.4131,2.9074,-8.09,60.93,2.12,0.0,40.0,117.0,1,winter,1,2022-01-01
2022,12,1.7354,1.4942,-6.62,63.17,3.53,0.0,40.0,117.0,1,winter,0,2022-01-01
2022,13,6.5119,2.6914,-6.34,64.37,3.57,0.0,40.0,117.0,1,winter,1,2022-01-01
2022,14,4.039,2.3503,-5.21,84.37,2.13,0.0,40.0,117.0,1,winter,0,2022-01-01
2022,15,7.2794,2.9616,-4.66,68.5,4.31,0.0,40.0,117.0,1,winter,1,2022-01-01
2022,16,6.599,2.8934,-6.93,58.16,2.11,0.0,40.0,117.0,1,winter,1,2022-01-01
2022,17,8.0686,3.1085,-5.31,64.18,2.96,0.0,40.0,117.0,1,winter,1,2022-01-01
2022,18,3.3775,2.3225,-5.25,77.08,2.08,0.0,40.0,117.0,1,winter,0,2022-01-01
2022,19,6.8062,2.8358,-6.39,74.12,3.04,0.0,40.0,117.0,1,winter,1,2022-01-01
2022,20,2.6971,1.8773,-7.03,69.79,1.98,0.0,40.0,117.0,1,winter,0,2022-01-01
2022,21,0.521,1.0298,-5.17,74.96,1.84,0.29,40.0,117.0,1,winter,0,2022-01-01
2022,22,0.1459,1.2694,-4.17,87.73,1.39,3.03,40.0,117.0,1,winter,0,2022-01-01
2022,23,2.0436,1.794,-3.9,78.76,1.7,0.01,40.0,117.0,1,winter,0,2022-01-01
2022,24,1.6488,1.9906,-3.15,79.36,1.82,0.0,40.0,117.0,1,winter,0,2022-01-01
2022,25,6.3494,2.9702,-1.86,68.29,2.99,0.0,40.0,117.0,1,winter,1,2022-01-01
2022,26,4.3284,2.7398,-4.69,63.53,2.58,0.0,40.0,117.0,1,winter,0,2022-01-01
2022,27,8.0458,3.3994,-5.02,58.79,3.26,0.0,40.0,117.0,1,winter,1,2022-01-01
2022,28,7.8938,3.4219,-5.75,63.86,2.65,0.0,40.0,117.0,1,winter,1,2022-01-01
2022,29,7.9618,3.4142,-4.78,62.08,2.8,0.0,40.0,117.0,1,winter,1,2022-01-01
2022,30,3.7814,2.6018,-3.68,81.76,2.36,1.28,40.0,117.0,1,winter,0,2022-01-01
2022,31,4.7503,2.7372,-4.42,55.89,5.65,0.26,40.0,117.0,1,winter,0,2022-01-01
2022,32,8.5534,3.6814,-6.53,62.0,2.58,0.6,40.0,117.0,2,winter,1,2022-02-01
2022,33,8.4038,3.6103,-5.56,60.47,2.95,0.0,40.0,117.0,2,winter,1,2022-02-01
2022,34,8.2507,3.6696,-5.76,60.04,3.99,0.0,40.0,117.0,2,winter,1,2022-02-01
2022,35,8.6609,3.7538,-7.77,59.14,4.07,0.0,40.0,117.0,2,winter,1,2022-02-01
2022,36,8.4274,3.7615,-6.17,59.12,3.37,0.0,40.0,117.0,2,winter,1,2022-02-01
2022,37,7.3162,3.6031,-4.2,63.0,2.73,0.0,40.0,117.0,2,winter,1,2022-02-01
2022,38,4.4366,3.2167,-3.49,61.13,2.72,0.0,40.0,117.0,2,winter,0,2022-02-01
2022,39,7.4849,3.7771,-2.24,61.54,3.01,0.0,40.0,117.0,2,winter,1,2022-02-01
2022,40,3.9499,3.0619,0.39,64.62,1.47,0.0,40.0,117.0,2,winter,0,2022-02-01
2022,41,5.0861,3.4099,0.88,67.16,2.92,0.0,40.0,117.0,2,winter,1,2022-02-01
2022,42,4.2686,3.2897,0.45,67.24,3.5,0.07,40.0,117.0,2,winter,0,2022-02-01
2022,43,0.0953,1.3862,-1.12,78.57,3.14,0.31,40.0,117.0,2,winter,0,2022-02-01
2022,44,0.072,0.9809,-5.98,83.37,3.27,2.95,40.0,117.0,2,winter,0,2022-02-01
2022,45,5.2262,3.3648,-6.64,65.58,3.01,0.04,40.0,117.0,2,winter,1,2022-02-01
2022,46,7.3838,3.8686,-9.15,62.79,2.34,0.02,40.0,117.0,2,winter,1,2022-02-01
2022,47,7.3608,3.8906,-8.51,55.72,3.2,0.0,40.0,117.0,2,winter,1,2022-02-01
2022,48,2.9045,2.9837,-7.12,66.75,3.66,0.06,40.0,117.0,2,winter,0,2022-02-01
2022,49,1.331,2.4413,-3.67,63.87,2.97,0.0,40.0,117.0,2,winter,0,2022-02-01
2022,50,8.4192,4.3418,-6.5,52.7,4.46,0.0,40.0,117.0,2,winter,1,2022-02-01
2022,51,8.263,4.2857,-5.02,50.68,3.75,0.0,40.0,117.0,2,winter,1,2022-02-01
2022,52,6.1462,3.8702,-4.75,53.99,4.16,0.0,40.0,117.0,2,winter,1,2022-02-01
2022,53,9.6502,4.6745,-4.46,50.33,2.62,0.0,40.0,117.0,2,winter,1,2022-02-01
2022,54,9.1039,4.6169,-3.56,59.27,2.93,0.0,40.0,117.0,2,winter,1,2022-02-01
2022,55,8.6988,4.6198,-0.68,60.75,2.88,0.0,40.0,117.0,2,winter,1,2022-02-01
2022,56,4.6094,3.8957,1.69,73.97,2.24,0.0,40.0,117.0,2,winter,0,2022-02-01
2022,57,9.5225,4.9126,2.93,48.15,4.4,0.0,40.0,117.0,2,winter,1,2022-02-01
2022,58,8.0731,4.7506,4.09,54.11,2.47,0.0,40.0,117.0,2,winter,1,2022-02-01
2022,59,0.624,2.4931,3.43,69.86,4.2,0.0,40.0,117.0,2,winter,0,2022-02-01
2022,60,9.7368,5.1211,1.85,54.33,3.93,0.0,40.0,117.0,2,winter,1,2022-02-01
2022,61,9.0816,4.9464,4.63,49.37,3.34,0.0,40.0,117.0,3,spring,1,2022-03-01
2022,62,7.2838,4.7705,2.0,66.71,2.97,0.0,40.0,117.0,3,spring,1,2022-03-01
2022,63,8.2214,5.0321,2.24,54.24,6.57,0.0,40.0,117.0,3,spring,1,2022-03-01
2022,64,9.3919,5.0753,1.21,44.35,3.86,0.0,40.0,117.0,3,spring,1,2022-03-01
2022,65,6.8911,4.847,1.83,56.89,3.46,0.0,40.0,117.0,3,spring,1,2022-03-01
2022,66,9.5753,5.3906,5.3,55.96,3.39,0.0,40.0,117.0,3,spring,1,2022-03-01
2022,67,7.1575,4.9464,4.67,68.9,2.28,0.0,40.0,117.0,3,spring,1,2022-03-01
2022,68,2.9618,3.8846,7.28,68.62,3.24,0.0,40.0,117.0,3,spring,0,2022-03-01
2022,69,2.743,3.9038,7.48,88.41,2.71,0.0,40.0,117.0,3,spring,0,2022-03-01
2022,70,0.078,1.3858,6.64,69.72,4.23,1.41,40.0,117.0,3,spring,0,2022-03-01
2022,71,1.3546,3.1025,5.03,85.99,2.03,5.38,40.0,117.0,3,spring,0,2022-03-01
2022,72,2.9587,4.223,6.13,70.74,4.35,0.52,40.0,117.0,3,spring,0,2022-03-01
2022,73,7.6934,5.2464,7.78,63.75,3.54,0.01,40.0,117.0,3,spring,1,2022-03-01
2022,74,6.7805,5.2891,7.82,72.11,3.52,0.41,40.0,117.0,3,spring,1,2022-03-01
2022,75,2.6196,4.4393,6.26,66.48,3.92,0.02,40.0,117.0,3,spring,0,2022-03-01
2022,76,0.7668,2.4238,-0.48,68.17,1.73,2.04,40.0,117.0,3,spring,0,2022-03-01
2022,77,0.199,1.3754,-1.46,84.36,2.02,8.29,40.0,117.0,3,spring,0,2022-03-01
2022,78,4.7311,4.6903,-0.72,65.81,2.56,0.0,40.0,117.0,3,spring,0,2022-03-01
2022,79,3.7615,4.6608,1.4,67.74,2.19,0.82,40.0,117.0,3,spring,0,2022-03-01
2022,80,8.8685,5.9587,2.94,54.49,3.97,0.0,40.0,117.0,3,spring,1,2022-03-01
2022,81,0.5753,2.9846,2.14,64.74,2.59,0.25,40.0,117.0,3,spring,0,2022-03-01
2022,82,2.3263,3.5926,3.39,80.93,1.65,0.04,40.0,117.0,3,spring,0,2022-03-01
2022,83,0.4008,1.6932,5.88,84.79,2.56,0.04,40.0,117.0,3,spring,0,2022-03-01
2022,84,0.043,2.2915,7.57,64.23,3.64,0.01,40.0,117.0,3,spring,0,2022-03-01
2022,85,7.074,5.4778,8.46,43.88,6.0,0.0,40.0,117.0,3,spring,1,2022-03-01
2022,86,9.5249,5.9707,6.03,45.46,4.12,0.0,40.0,117.0,3,spring,1,2022-03-01
2022,87,7.8353,5.9753,7.4,60.16,4.69,0.0,40.0,117.0,3,spring,1,2022-03-01
2022,88,0.0192,0.8815,8.0,80.66,4.04,1.18,40.0,117.0,3,spring,0,2022-03-01
2022,89,0.8376,2.3282,6.54,61.89,3.08,0.31,40.0,117.0,3,spring,0,2022-03-01
2022,90,9.1476,6.4663,6.61,49.41,4.26,0.0,40.0,117.0,3,spring,1,2022-03-01
2022,91,7.1508,6.0451,5.71,55.59,2.87,0.0,40.0,117.0,3,spring,1,2022-03-01
2022,92,8.736,6.4582,9.01,55.66,2.75,0.0,40.0,117.0,4,spring,1,2022-04-01
2022,93,8.2039,6.3746,9.5,55.84,4.4,0.0,40.0,117.0,4,spring,1,2022-04-01
2022,94,5.4067,5.6755,10.81,74.97,3.47,0.0,40.0,117.0,4,spring,1,2022-04-01
2022,95,7.4882,6.2002,12.88,58.4,4.25,0.0,40.0,117.0,4,spring,1,2022-04-01
2022,96,4.1436,5.2039,6.14,61.08,3.86,0.07,40.0,117.0,4,spring,0,2022-04-01
2022,97,4.8413,5.7446,9.28,66.47,2.74,0.0,40.0,117.0,4,spring,1,2022-04-01
2022,98,6.1694,6.0041,11.82,77.83,3.15,0.0,40.0,117.0,4,spring,1,2022-04-01
2022,99,3.2486,5.0873,15.89,78.12,3.75,0.0,40.0,117.0,4,spring,0,2022-04-01
2022,100,1.6807,4.6884,15.26,80.9,2.03,0.0,40.0,117.0,4,spring,0,2022-04-01
2022,101,0.1373,3.0929,17.39,63.29,4.51,0.83,40.0,117.0,4,spring,0,2022-04-01
2022,102,6.3682,6.3218,13.22,55.14,3.15,0.05,40.0,117.0,4,spring,1,2022-04-01
2022,103,1.9934,4.3831,10.59,60.62,3.92,0.76,40.0,117.0,4,spring,0,2022-04-01
2022,104,8.0093,6.6173,10.9,47.58,4.4,0.0,40.0,117.0,4,spring,1,2022-04-01
2022,105,10.3922,7.2874,10.96,40.93,3.76,0.0,40.0,117.0,4,spring,1,2022-04-01
2022,106,10.7894,7.4844,12.76,38.48,4.08,0.0,40.0,117.0,4,spring,1,2022-04-01
2022,107,0.5014,4.6318,11.73,52.7,2.2,0.0,40.0,117.0,4,spring,0,2022-04-01
2022,108,8.4281,7.0414,14.38,52.4,3.89,0.0,40.0,117.0,4,spring,1,2022-04-01
2022,109,8.471,7.1167,16.58,46.75,3.64,0.0,40.0,117.0,4,spring,1,2022-04-01
2022,110,7.5463,6.8954,16.63,50.84,4.02,0.0,40.0,117.0,4,spring,1,2022-04-01
2022,111,1.3186,4.2936,17.18,56.83,4.71,0.0,40.0,117.0,4,spring,0,2022-04-01
2022,112,10.3646,7.5394,14.17,41.8,4.37,0.0,40.0,117.0,4,spring,1,2022-04-01
2022,113,6.0583,6.6478,16.16,58.24,4.95,0.0,40.0,117.0,4,spring,1,2022-04-01
2022,114,5.5716,6.6446,17.59,55.51,4.7,0.0,40.0,117.0,4,spring,1,2022-04-01
2022,115,3.6974,5.2853,17.38,70.64,3.3,0.01,40.0,117.0,4,spring,0,2022-04-01
2022,116,11.088,8.0196,15.88,33.51,6.9,0.0,40.0,117.0,4,spring,1,2022-04-01
2022,117,0.1903,2.3498,9.65,56.88,3.79,5.71,40.0,117.0,4,spring,0,2022-04-01
2022,118,1.9394,4.4513,10.18,74.26,2.08,3.59,40.0,117.0,4,spring,0,2022-04-01
2022,119,3.065,5.4818,13.13,65.65,3.24,0.01,40.0,117.0,4,spring,0,2022-04-01
2022,120,9.6334,7.6476,14.74,31.48,4.59,0.0,40.0,117.0,4,spring,1,2022-04-01
2022,121,5.7938,5.7658,15.95,39.29,3.96,0.0,40.0,117.0,4,spring,1,2022-04-01
2022,122,9.1733,7.5766,16.64,50.81,3.92,0.0,40.0,117.0,5,spring,1,2022-05-01
2022,123,9.6168,7.7818,19.73,51.26,3.48,0.0,40.0,117.0,5,spring,1,2022-05-01
2022,124,6.6686,7.0891,21.31,45.1,4.02,0.0,40.0,117.0,5,spring,1,2022-05-01
2022,125,1.9973,5.2776,21.64,57.69,3.52,0.36,40.0,117.0,5,spring,0,2022-05-01
2022,126,5.3254,5.8104,15.13,58.51,5.54,6.21,40.0,117.0,5,spring,1,2022-05-01
2022,127,7.1011,7.4105,12.58,51.85,4.76,1.63,40.0,117.0,5,spring,1,2022-05-01
2022,128,0.5098,2.9328,10.35,74.58,1.96,8.05,40.0,117.0,5,spring,0,2022-05-01
2022,129,6.8261,7.3745,12.8,67.25,3.15,0.0,40.0,117.0,5,spring,1,2022-05-01
2022,130,0.3734,2.309,13.19,69.54,3.0,0.04,40.0,117.0,5,spring,0,2022-05-01
2022,131,5.3318,6.7277,14.63,50.64,3.51,0.0,40.0,117.0,5,spring,1,2022-05-01
2022,132,2.153,5.537,13.68,51.62,2.37,1.62,40.0,117.0,5,spring,0,2022-05-01
2022,133,7.89,7.3879,14.29,40.66,5.09,0.51,40.0,117.0,5,spring,1,2022-05-01
2022,134,6.7966,6.815,15.57,43.93,4.24,0.0,40.0,117.0,5,spring,1,2022-05-01
2022,135,6.6178,6.9946,19.51,34.8,3.2,0.01,40.0,117.0,5,spring,1,2022-05-01
2022,136,8.3575,7.6778,20.7,35.45,3.92,0.01,40.0,117.0,5,spring,1,2022-05-01
2022,137,4.8691,6.4325,20.44,46.33,2.95,0.0,40.0,117.0,5,spring,1,2022-05-01
2022,138,7.9903,7.7993,22.15,42.13,3.8,0.0,40.0,117.0,5,spring,1,2022-05-01
2022,139,3.1142,6.1944,21.59,56.43,2.65,0.02,40.0,117.0,5,spring,0,2022-05-01
2022,140,9.1562,8.0318,24.23,47.09,2.81,0.0,40.0,117.0,5,spring,1,2022-05-01
2022,141,7.2679,7.4614,24.91,44.79,3.05,0.0,40.0,117.0,5,spring,1,2022-05-01
2022,142,6.6751,7.3075,26.38,42.09,2.95,0.02,40.0,117.0,5,spring,1,2022-05-01
2022,143,5.9354,7.1117,25.84,51.02,3.2,0.0,40.0,117.0,5,spring,1,2022-05-01
2022,144,2.82,5.5898,25.44,55.29,4.11,1.46,40.0,117.0,5,spring,0,2022-05-01
2022,145,8.8066,7.7383,23.32,34.43,3.92,0.0,40.0,117.0,5,spring,1,2022-05-01
2022,146,7.4246,7.565,24.61,32.99,3.8,0.01,40.0,117.0,5,spring,1,2022-05-01
2022,147,9.5246,8.231,25.31,31.72,3.63,0.0,40.0,117.0,5,spring,1,2022-05-01
2022,148,7.3939,7.7827,26.47,39.86,3.75,0.0,40.0,117.0,5,spring,1,2022-05-01
2022,149,2.3498,4.1292,22.9,42.17,5.52,0.77,40.0,117.0,5,spring,0,2022-05-01
2022,150,9.4622,7.9934,22.8,26.72,3.66,0.0,40.0,117.0,5,spring,1,2022-05-01
2022,151,2.6131,4.8622,24.45,33.26,2.28,0.02,40.0,117.0,5,spring,0,2022-05-01
2022,152,11.0794,8.6486,25.16,35.24,3.17,0.0,40.0,117.0,5,spring,1,2022-05-01
2022,153,9.1558,8.1487,26.64,37.12,3.87,0.0,40.0,117.0,6,summer,1,2022-06-01
2022,154,2.7067,5.8886,26.17,50.04,3.16,0.2,40.0,117.0,6,summer,0,2022-06-01
2022,155,1.824,3.6804,26.42,59.58,2.02,3.7,40.0,117.0,6,summer,0,2022-06-01
2022,156,8.3534,7.7393,26.32,37.22,5.23,0.0,40.0,117.0,6,summer,1,2022-06-01
2022,157,4.056,5.0414,23.22,37.43,4.39,0.0,40.0,117.0,6,summer,0,2022-06-01
2022,158,8.0443,7.7897,20.86,50.79,2.63,0.2,40.0,117.0,6,summer,1,2022-06-01
2022,159,0.8818,2.9722,19.66,67.23,3.63,2.3,40.0,117.0,6,summer,0,2022-06-01
2022,160,1.2271,4.1422,20.84,64.88,2.95,0.03,40.0,117.0,6,summer,0,2022-06-01
2022,161,2.0506,5.6143,22.4,64.78,3.29,2.81,40.0,117.0,6,summer,0,2022-06-01
2022,162,0.1063,3.1704,21.96,75.51,4.66,10.09,40.0,117.0,6,summer,0,2022-06-01
2022,163,0.5474,3.223,21.03,84.54,3.85,22.17,40.0,117.0,6,summer,0,2022-06-01
2022,164,0.3557,3.3079,21.54,76.74,1.62,25.76,40.0,117.0,6,summer,0,2022-06-01
2022,165,1.0349,4.5631,21.41,72.67,2.6,1.8,40.0,117.0,6,summer,0,2022-06-01
2022,166,2.0798,5.2966,21.8,72.91,2.15,0.73,40.0,117.0,6,summer,0,2022-06-01
2022,167,2.3194,5.6801,23.24,75.34,2.38,0.03,40.0,117.0,6,summer,0,2022-06-01
2022,168,2.0582,5.3844,24.87,70.08,3.47,0.28,40.0,117.0,6,summer,0,2022-06-01
2022,169,4.3937,6.4277,25.59,70.48,3.17,0.38,40.0,117.0,6,summer,0,2022-06-01
2022,170,2.3669,5.6474,26.53,68.68,3.26,0.07,40.0,117.0,6,summer,0,2022-06-01
2022,171,3.2887,6.0055,26.75,72.77,2.79,0.0,40.0,117.0,6,summer,0,2022-06-01
2022,172,0.7846,3.7517,27.62,69.14,2.92,1.31,40.0,117.0,6,summer,0,2022-06-01
2022,173,0.0194,1.1218,25.53,83.75,3.19,12.12,40.0,117.0,6,summer,0,2022-06-01
2022,174,7.8204,7.626,27.99,58.87,3.37,0.08,40.0,117.0,6,summer,1,2022-06-01
2022,175,10.7638,8.484,29.04,41.65,4.04,0.03,40.0,117.0,6,summer,1,2022-06-01
2022,176,4.0301,6.6636,29.63,50.77,3.42,0.02,40.0,117.0,6,summer,0,2022-06-01
2022,177,0.7087,3.8381,27.31,63.48,4.94,7.97,40.0,117.0,6,summer,0,2022-06-01
2022,178,0.7546,3.3607,26.51,70.09,2.04,19.05,40.0,117.0,6,summer,0,2022-06-01
2022,179,1.3402,4.3526,24.52,74.12,2.26,5.22,40.0,117.0,6,summer,0,2022-06-01
2022,180,0.408,2.413,25.92,68.1,2.54,4.75,40.0,117.0,6,summer,0,2022-06-01
2022,181,3.1306,5.7888,25.34,77.9,1.76,2.62,40.0,117.0,6,summer,0,2022-06-01
2022,182,0.1442,3.295,25.14,77.09,1.11,4.86,40.0,117.0,6,summer,0,2022-06-01
2022,183,3.4946,5.7912,26.37,71.67,2.37,1.97,40.0,117.0,7,summer,0,2022-07-01
2022,184,0.4207,2.3482,24.42,91.48,2.61,37.24,40.0,117.0,7,summer,0,2022-07-01
2022,185,0.4267,3.0583,26.36,86.81,3.17,54.36,40.0,117.0,7,summer,0,2022-07-01
2022,186,1.5067,4.9298,26.97,88.12,3.04,14.05,40.0,117.0,7,summer,0,2022-07-01
2022,187,0.726,3.5765,25.42,86.59,1.91,27.65,40.0,117.0,7,summer,0,2022-07-01
2022,188,10.447,8.4125,26.51,65.07,2.66,0.0,40.0,117.0,7,summer,1,2022-07-01
2022,189,3.5251,5.5882,28.1,74.02,1.72,0.01,40.0,117.0,7,summer,0,2022-07-01
2022,190,3.9247,6.6156,26.99,64.99,3.09,4.06,40.0,117.0,7,summer,0,2022-07-01
2022,191,5.3215,6.108,23.64,78.21,2.2,20.7,40.0,117.0,7,summer,1,2022-07-01
2022,192,2.9813,5.1401,24.15,77.04,1.62,1.67,40.0,117.0,7,summer,0,2022-07-01
2022,193,0.2707,2.3935,23.44,86.45,4.03,12.06,40.0,117.0,7,summer,0,2022-07-01
2022,194,7.0464,7.4479,26.57,80.32,2.81,0.0,40.0,117.0,7,summer,1,2022-07-01
2022,195,9.6386,8.1384,26.21,68.34,3.15,0.0,40.0,117.0,7,summer,1,2022-07-01
2022,196,8.1252,7.8533,27.35,61.86,2.2,0.0,40.0,117.0,7,summer,1,2022-07-01
2022,197,5.0309,6.7718,26.55,74.68,3.99,0.0,40.0,117.0,7,summer,1,2022-07-01
2022,198,6.3074,7.1796,28.56,65.28,1.64,0.0,40.0,117.0,7,summer,1,2022-07-01
2022,199,8.9304,7.6982,27.52,62.33,3.55,0.0,40.0,117.0,7,summer,1,2022-07-01
2022,200,2.4485,5.9616,25.46,77.24,1.97,0.0,40.0,117.0,7,summer,0,2022-07-01
2022,201,3.5496,5.7809,25.76,72.5,3.05,0.58,40.0,117.0,7,summer,0,2022-07-01
2022,202,5.8745,6.8986,26.27,70.46,1.8,0.29,40.0,117.0,7,summer,1,2022-07-01
2022,203,1.9078,5.1826,27.1,74.16,2.29,3.89,40.0,117.0,7,summer,0,2022-07-01
2022,204,5.3671,6.5652,26.91,69.29,1.98,6.17,40.0,117.0,7,summer,1,2022-07-01
2022,205,6.7668,7.2756,26.6,72.28,2.21,1.25,40.0,117.0,7,summer,1,2022-07-01
2022,206,2.0822,5.2738,27.85,74.95,3.4,0.18,40.0,117.0,7,summer,0,2022-07-01
2022,207,2.5956,5.2961,27.49,79.21,2.78,10.14,40.0,117.0,7,summer,0,2022-07-01
2022,208,0.3202,3.5796,25.65,85.71,2.6,24.09,40.0,117.0,7,summer,0,2022-07-01
2022,209,0.3696,2.4523,24.57,82.06,2.07,36.47,40.0,117.0,7,summer,0,2022-07-01
2022,210,6.3202,7.008,25.16,77.45,2.35,0.58,40.0,117.0,7,summer,1,2022-07-01
2022,211,4.3121,5.9479,25.77,85.23,2.37,0.73,40.0,117.0,7,summer,0,2022-07-01
2022,212,5.1622,6.2162,27.27,83.36,1.94,0.15,40.0,117.0,7,summer,1,2022-07-01
2022,213,5.3777,6.491,28.01,79.42,1.68,0.03,40.0,117.0,7,summer,1,2022-07-01
2022,214,4.2929,5.8639,28.86,77.3,2.41,0.34,40.0,117.0,8,summer,0,2022-08-01
2022,215,1.5994,4.9392,29.45,79.62,2.29,1.18,40.0,117.0,8,summer,0,2022-08-01
2022,216,1.5494,4.5754,29.5,85.47,2.53,10.81,40.0,117.0,8,summer,0,2022-08-01
2022,217,8.0904,7.1777,30.53,80.68,1.6,7.19,40.0,117.0,8,summer,1,2022-08-01
2022,218,1.9855,5.083,28.53,88.36,2.43,21.3,40.0,117.0,8,summer,0,2022-08-01
2022,219,2.8634,4.9075,29.45,84.55,1.19,15.27,40.0,117.0,8,summer,0,2022-08-01
2022,220,1.9834,3.9506,26.17,71.02,2.5,3.69,40.0,117.0,8,summer,0,2022-08-01
2022,221,4.7021,4.9188,23.16,81.93,2.11,6.85,40.0,117.0,8,summer,0,2022-08-01
2022,222,9.0994,7.3106,23.21,81.42,2.21,0.07,40.0,117.0,8,summer,1,2022-08-01
2022,223,8.0995,7.0421,24.96,82.5,2.31,0.0,40.0,117.0,8,summer,1,2022-08-01
2022,224,2.1895,4.8689,26.82,84.43,2.5,0.08,40.0,117.0,8,summer,0,2022-08-01
2022,225,1.1899,4.4702,26.42,81.27,3.26,0.26,40.0,117.0,8,summer,0,2022-08-01
2022,226,0.0845,1.1045,23.94,88.1,2.94,19.6,40.0,117.0,8,summer,0,2022-08-01
2022,227,5.8481,6.0602,26.96,67.54,3.34,0.0,40.0,117.0,8,summer,1,2022-08-01
2022,228,7.8989,6.5918,24.03,66.08,2.45,0.0,40.0,117.0,8,summer,1,2022-08-01
2022,229,1.5358,3.6204,25.1,73.71,2.44,0.03,40.0,117.0,8,summer,0,2022-08-01
2022,230,0.1142,0.7841,24.86,94.02,3.81,63.92,40.0,117.0,8,summer,0,2022-08-01
2022,231,6.365,6.4001,26.69,74.8,3.55,2.83,40.0,117.0,8,summer,1,2022-08-01
2022,232,6.4721,6.3434,24.38,78.73,3.3,0.22,40.0,117.0,8,summer,1,2022-08-01
2022,233,0.8902,4.158,23.91,86.25,2.41,8.3,40.0,117.0,8,summer,0,2022-08-01
2022,234,6.1656,6.1212,24.82,73.63,4.02,24.37,40.0,117.0,8,summer,1,2022-08-01
2022,235,3.6418,5.0662,21.39,64.75,2.94,12.97,40.0,117.0,8,summer,0,2022-08-01
2022,236,6.2861,5.9489,21.86,70.51,2.08,0.02,40.0,117.0,8,summer,1,2022-08-01
2022,237,8.8951,6.9674,22.37,67.89,2.9,0.0,40.0,117.0,8,summer,1,2022-08-01
2022,238,3.4723,4.9207,20.57,61.28,3.15,0.0,40.0,117.0,8,summer,0,2022-08-01
2022,239,7.1731,6.5544,18.39,58.39,3.0,0.0,40.0,117.0,8,summer,1,2022-08-01
2022,240,0.5033,2.347,17.91,77.58,2.99,3.04,40.0,117.0,8,summer,0,2022-08-01
2022,241,1.1842,4.2055,18.42,84.7,2.02,0.28,40.0,117.0,8,summer,0,2022-08-01
2022,242,4.2355,5.3878,20.65,76.47,1.8,2.61,40.0,117.0,8,summer,0,2022-08-01
2022,243,8.4053,6.4327,22.39,65.27,2.16,0.0,40.0,117.0,8,summer,1,2022-08-01
2022,244,9.1865,6.6254,20.19,62.48,3.3,0.0,40.0,117.0,8,summer,1,2022-08-01
2022,245,9.3017,6.6715,21.23,65.08,1.89,0.0,40.0,117.0,9,autumn,1,2022-09-01
2022,246,3.2251,4.9889,20.98,75.12,2.35,1.07,40.0,117.0,9,autumn,0,2022-09-01
2022,247,3.1171,4.5941,21.86,76.55,2.15,3.48,40.0,117.0,9,autumn,0,2022-09-01
2022,248,10.2336,6.8213,21.54,53.62,3.83,0.23,40.0,117.0,9,autumn,1,2022-09-01
2022,249,9.5275,6.619,19.95,51.32,4.1,0.0,40.0,117.0,9,autumn,1,2022-09-01
2022,250,8.9645,6.4361,21.24,51.7,3.33,0.0,40.0,117.0,9,autumn,1,2022-09-01
2022,251,8.7262,6.3396,23.88,56.15,1.91,0.0,40.0,117.0,9,autumn,1,2022-09-01
2022,252,6.7661,5.7847,25.34,55.99,1.82,0.0,40.0,117.0,9,autumn,1,2022-09-01
2022,253,4.3066,4.8602,23.71,68.63,3.03,0.25,40.0,117.0,9,autumn,0,2022-09-01
2022,254,5.7432,5.3974,22.06,73.42,2.44,0.0,40.0,117.0,9,autumn,1,2022-09-01
2022,255,5.4031,5.1972,23.35,78.4,1.93,0.0,40.0,117.0,9,autumn,1,2022-09-01
2022,256,4.7892,4.9433,24.76,71.76,2.09,0.0,40.0,117.0,9,autumn,0,2022-09-01
2022,257,5.773,5.1859,22.97,70.98,3.27,0.0,40.0,117.0,9,autumn,1,2022-09-01
2022,258,7.4222,5.6179,22.76,69.3,2.13,0.0,40.0,117.0,9,autumn,1,2022-09-01
2022,259,8.4175,5.8519,23.56,73.0,2.3,0.0,40.0,117.0,9,autumn,1,2022-09-01
2022,260,4.1347,4.8034,23.41,74.83,1.98,0.0,40.0,117.0,9,autumn,0,2022-09-01
2022,261,8.7127,5.9467,22.42,45.07,3.11,0.0,40.0,117.0,9,autumn,1,2022-09-01
2022,262,4.9111,5.0107,19.54,42.47,3.68,0.0,40.0,117.0,9,autumn,1,2022-09-01
2022,263,9.3482,5.9904,17.36,45.95,2.8,0.0,40.0,117.0,9,autumn,1,2022-09-01
2022,264,7.0224,5.5032,17.67,58.48,3.26,0.01,40.0,117.0,9,autumn,1,2022-09-01
2022,265,4.0291,4.1702,18.21,49.57,5.78,2.79,40.0,117.0,9,autumn,0,2022-09-01
2022,266,9.9833,5.9275,16.53,37.38,4.5,0.02,40.0,117.0,9,autumn,1,2022-09-01
2022,267,7.6325,5.5495,16.82,42.42,3.37,0.0,40.0,117.0,9,autumn,1,2022-09-01
2022,268,7.4366,5.3086,16.57,61.21,2.45,0.0,40.0,117.0,9,autumn,1,2022-09-01
2022,269,6.5184,5.0995,19.36,59.59,2.82,0.0,40.0,117.0,9,autumn,1,2022-09-01
2022,270,5.5968,4.7448,19.9,63.66,2.75,0.0,40.0,117.0,9,autumn,1,2022-09-01
2022,271,4.8118,4.5192,20.46,64.74,2.6,0.05,40.0,117.0,9,autumn,1,2022-09-01
2022,272,4.8703,4.4827,20.24,70.2,2.35,0.06,40.0,117.0,9,autumn,1,2022-09-01
2022,273,4.9846,4.4378,20.72,74.46,2.75,0.03,40.0,117.0,9,autumn,1,2022-09-01
2022,274,0.0535,1.9277,20.58,83.83,2.84,4.4,40.0,117.0,9,autumn,0,2022-09-01
2022,275,0.2623,1.2689,19.57,85.51,2.7,2.62,40.0,117.0,10,autumn,0,2022-10-01
2022,276,0.0902,0.9749,13.79,72.32,4.41,9.72,40.0,117.0,10,autumn,0,2022-10-01
2022,277,9.919,5.4653,9.41,41.06,3.17,0.0,40.0,117.0,10,autumn,1,2022-10-01
2022,278,5.653,4.4062,9.04,45.95,2.82,0.0,40.0,117.0,10,autumn,1,2022-10-01
2022,279,7.1993,4.7825,10.81,57.19,2.73,0.0,40.0,117.0,10,autumn,1,2022-10-01
2022,280,7.1534,4.8595,11.44,72.75,2.87,0.0,40.0,117.0,10,autumn,1,2022-10-01
2022,281,0.1982,0.9216,11.14,84.91,2.42,0.42,40.0,117.0,10,autumn,0,2022-10-01
2022,282,3.269,3.2374,9.69,42.15,6.75,0.0,40.0,117.0,10,autumn,0,2022-10-01
2022,283,8.8507,4.979,9.57,38.14,3.87,0.0,40.0,117.0,10,autumn,1,2022-10-01
2022,284,9.0293,4.962,10.24,44.99,2.97,0.0,40.0,117.0,10,autumn,1,2022-10-01
2022,285,3.0067,3.6871,11.21,68.92,2.78,0.0,40.0,117.0,10,autumn,0,2022-10-01
2022,286,1.4573,3.1145,12.77,68.74,1.81,0.0,40.0,117.0,10,autumn,0,2022-10-01
2022,287,3.4668,3.5402,13.84,71.02,1.95,0.0,40.0,117.0,10,autumn,0,2022-10-01
2022,288,3.6607,3.7488,15.29,68.48,2.58,0.0,40.0,117.0,10,autumn,0,2022-10-01
2022,289,8.3119,4.6426,12.14,32.53,4.89,0.0,40.0,117.0,10,autumn,1,2022-10-01
2022,290,9.4855,4.7537,8.65,37.05,3.95,0.0,40.0,117.0,10,autumn,1,2022-10-01
2022,291,8.6585,4.6142,8.53,41.6,3.42,0.0,40.0,117.0,10,autumn,1,2022-10-01
2022,292,6.7944,4.2305,10.48,57.78,2.58,0.0,40.0,117.0,10,autumn,1,2022-10-01
2022,293,0.9235,1.8588,10.92,73.88,2.26,0.0,40.0,117.0,10,autumn,0,2022-10-01
2022,294,4.831,3.6636,13.26,72.35,1.87,0.0,40.0,117.0,10,autumn,1,2022-10-01
2022,295,7.7424,4.2552,12.63,50.64,3.67,0.0,40.0,117.0,10,autumn,1,2022-10-01
2022,296,7.5593,4.206,12.1,40.73,2.49,0.0,40.0,117.0,10,autumn,1,2022-10-01
2022,297,6.7205,3.9593,10.7,58.17,2.76,0.0,40.0,117.0,10,autumn,1,2022-10-01
2022,298,3.2486,3.0682,11.54,78.04,2.65,0.0,40.0,117.0,10,autumn,0,2022-10-01
2022,299,0.1147,1.0788,11.57,74.28,3.12,0.03,40.0,117.0,10,autumn,0,2022-10-01
2022,300,0.4176,1.5137,9.02,47.69,3.2,0.0,40.0,117.0,10,autumn,0,2022-10-01
2022,301,0.2472,1.3279,9.99,71.91,1.7,0.0,40.0,117.0,10,autumn,0,2022-10-01
2022,302,0.0614,1.1213,10.19,77.55,2.04,0.02,40.0,117.0,10,autumn,0,2022-10-01
2022,303,0.1469,0.7766,10.53,82.55,2.31,0.22,40.0,117.0,10,autumn,0,2022-10-01
2022,304,7.8502,3.985,9.73,50.42,3.83,0.0,40.0,117.0,10,autumn,1,2022-10-01
2022,305,7.1938,3.7781,6.4,49.01,2.92,1.02,40.0,117.0,10,autumn,1,2022-10-01
2022,306,0.377,1.711,9.28,71.94,2.92,1.46,40.0,117.0,11,autumn,0,2022-11-01
2022,307,7.8545,3.7656,6.21,55.7,2.49,0.49,40.0,117.0,11,autumn,1,2022-11-01
2022,308,8.364,3.8242,5.05,46.02,3.21,1.64,40.0,117.0,11,autumn,1,2022-11-01
2022,309,7.4765,3.6787,6.42,47.43,3.17,0.0,40.0,117.0,11,autumn,1,2022-11-01
2022,310,1.2614,2.2274,6.89,83.39,1.99,0.0,40.0,117.0,11,autumn,0,2022-11-01
2022,311,7.9094,3.6559,8.57,41.35,3.74,0.0,40.0,117.0,11,autumn,1,2022-11-01
2022,312,5.3299,3.1968,7.81,53.82,2.8,0.0,40.0,117.0,11,autumn,1,2022-11-01
2022,313,1.3882,2.0777,9.12,80.16,1.84,1.37,40.0,117.0,11,autumn,0,2022-11-01
2022,314,1.7302,2.0431,12.1,82.19,2.55,0.49,40.0,117.0,11,autumn,0,2022-11-01
2022,315,0.0269,0.4678,13.29,95.27,1.65,14.44,40.0,117.0,11,autumn,0,2022-11-01
2022,316,1.1203,1.9524,7.91,61.96,5.77,11.83,40.0,117.0,11,autumn,0,2022-11-01
2022,317,7.9745,3.4598,1.81,58.51,3.04,5.95,40.0,117.0,11,autumn,1,2022-11-01
2022,318,6.1339,3.1531,3.45,68.75,1.69,0.0,40.0,117.0,11,autumn,1,2022-11-01
2022,319,7.2127,3.2462,5.47,53.3,3.86,0.0,40.0,117.0,11,autumn,1,2022-11-01
2022,320,3.0619,2.561,6.04,55.64,2.19,0.0,40.0,117.0,11,autumn,0,2022-11-01
2022,321,5.0868,2.8716,6.11,77.57,1.75,0.0,40.0,117.0,11,autumn,1,2022-11-01
2022,322,0.1498,1.5919,5.99,65.13,3.43,0.0,40.0,117.0,11,autumn,0,2022-11-01
2022,323,3.2642,2.4574,8.03,73.35,1.61,0.0,40.0,117.0,11,autumn,0,2022-11-01
2022,324,0.247,0.8779,5.99,59.74,3.34,0.01,40.0,117.0,11,autumn,0,2022-11-01
2022,325,6.3785,2.9957,6.18,56.33,2.69,0.0,40.0,117.0,11,autumn,1,2022-11-01
2022,326,1.403,1.4261,4.34,73.89,2.61,0.01,40.0,117.0,11,autumn,0,2022-11-01
2022,327,2.1994,2.2157,4.14,86.11,1.86,0.0,40.0,117.0,11,autumn,0,2022-11-01
2022,328,0.6334,1.3476,4.34,93.13,2.46,0.0,40.0,117.0,11,autumn,0,2022-11-01
2022,329,5.8474,2.8608,4.39,52.75,5.0,0.0,40.0,117.0,11,autumn,1,2022-11-01
2022,330,6.2306,2.7754,-2.21,41.19,3.0,0.0,40.0,117.0,11,autumn,1,2022-11-01
2022,331,1.0214,1.7666,1.63,59.41,1.71,3.55,40.0,117.0,11,autumn,0,2022-11-01
2022,332,0.337,1.5206,4.27,52.37,5.15,0.37,40.0,117.0,11,autumn,0,2022-11-01
2022,333,5.5829,2.67,-7.04,23.26,8.42,0.0,40.0,117.0,11,autumn,1,2022-11-01
2022,334,8.0222,3.0442,-7.84,35.72,3.96,0.0,40.0,117.0,11,autumn,1,2022-11-01
2022,335,8.0206,2.9906,-6.53,42.36,3.25,0.0,40.0,117.0,11,autumn,1,2022-11-01
2022,336,2.239,2.0743,-5.37,56.64,2.19,0.0,40.0,117.0,12,winter,0,2022-12-01
2022,337,6.5765,2.8296,-4.89,42.78,3.59,0.0,40.0,117.0,12,winter,1,2022-12-01
2022,338,7.6903,2.8834,-5.63,45.73,2.49,0.0,40.0,117.0,12,winter,1,2022-12-01
2022,339,7.5874,2.8829,-4.16,46.3,3.06,0.0,40.0,117.0,12,winter,1,2022-12-01
2022,340,7.6894,2.8774,-3.12,44.39,3.82,0.0,40.0,117.0,12,winter,1,2022-12-01
2022,341,3.4644,2.1766,-1.17,43.33,2.24,0.0,40.0,117.0,12,winter,0,2022-12-01
2022,342,6.4073,2.6412,0.68,50.27,2.71,0.0,40.0,117.0,12,winter,1,2022-12-01
2022,343,3.9626,2.3465,0.38,51.34,2.38,0.0,40.0,117.0,12,winter,0,2022-12-01
2022,344,7.3606,2.7696,-1.44,45.37,5.15,0.0,40.0,117.0,12,winter,1,2022-12-01
2022,345,5.4977,2.5174,-3.56,50.11,3.0,0.0,40.0,117.0,12,winter,1,2022-12-01
2022,346,4.7693,2.0758,-2.68,46.98,4.25,0.0,40.0,117.0,12,winter,0,2022-12-01
2022,347,7.4321,2.7682,-7.61,35.88,6.21,0.0,40.0,117.0,12,winter,1,2022-12-01
2022,348,5.6858,2.4674,-6.33,39.33,2.8,0.0,40.0,117.0,12,winter,1,2022-12-01
2022,349,5.9729,2.6184,-7.23,45.5,4.39,0.0,40.0,117.0,12,winter,1,2022-12-01
2022,350,7.1038,2.6842,-9.5,46.4,3.98,0.0,40.0,117.0,12,winter,1,2022-12-01
2022,351,7.2847,2.7432,-10.86,35.17,5.31,0.0,40.0,117.0,12,winter,1,2022-12-01
2022,352,6.5578,2.573,-7.93,44.2,1.67,0.0,40.0,117.0,12,winter,1,2022-12-01
2022,353,6.858,2.6309,-6.51,56.54,2.85,0.0,40.0,117.0,12,winter,1,2022-12-01
2022,354,1.7328,1.8535,-3.98,57.92,3.03,0.0,40.0,117.0,12,winter,0,2022-12-01
2022,355,2.1521,1.807,-7.13,57.03,2.87,0.0,40.0,117.0,12,winter,0,2022-12-01
2022,356,7.2562,2.6906,-9.19,46.32,4.72,0.0,40.0,117.0,12,winter,1,2022-12-01
2022,357,7.4256,2.7202,-9.44,47.33,3.57,0.0,40.0,117.0,12,winter,1,2022-12-01
2022,358,6.9415,2.6138,-6.18,49.41,2.62,0.0,40.0,117.0,12,winter,1,2022-12-01
2022,359,0.198,1.4138,-5.95,46.58,2.28,0.0,40.0,117.0,12,winter,0,2022-12-01
2022,360,7.4621,2.7072,-5.45,52.0,2.99,0.0,40.0,117.0,12,winter,1,2022-12-01
2022,361,7.5917,2.7444,-6.14,48.26,4.07,0.0,40.0,117.0,12,winter,1,2022-12-01
2022,362,7.5223,2.7254,-5.8,47.66,3.28,0.0,40.0,117.0,12,winter,1,2022-12-01
2022,363,7.6531,2.749,-5.6,46.69,2.61,0.0,40.0,117.0,12,winter,1,2022-12-01
2022,364,7.6795,2.785,-6.3,53.45,3.07,0.0,40.0,117.0,12,winter,1,2022-12-01
2022,365,6.2993,2.6131,-3.26,47.62,2.97,0.0,40.0,117.0,12,winter,1,2022-12-01
2023,1,6.101,2.5675,-3.37,52.37,2.67,0.0,40.0,117.0,1,winter,1,2023-01-01
2023,2,7.4256,2.7538,-4.46,38.34,2.87,0.0,40.0,117.0,1,winter,1,2023-01-01
2023,3,3.6228,2.1742,-5.36,48.11,2.8,0.0,40.0,117.0,1,winter,0,2023-01-01
2023,4,6.0994,2.6174,-3.51,63.74,2.48,0.0,40.0,117.0,1,winter,1,2023-01-01
2023,5,4.4695,2.3676,-3.03,72.86,1.67,0.0,40.0,117.0,1,winter,0,2023-01-01
2023,6,6.3946,2.605,-1.19,60.69,3.35,0.0,40.0,117.0,1,winter,1,2023-01-01
2023,7,3.9958,2.2692,-1.07,48.9,2.09,0.0,40.0,117.0,1,winter,0,2023-01-01
2023,8,6.8791,2.7684,0.93,51.65,3.99,0.0,40.0,117.0,1,winter,1,2023-01-01
2023,9,7.0879,2.7797,-0.35,53.11,3.05,0.0,40.0,117.0,1,winter,1,2023-01-01
2023,10,5.5586,2.5493,-1.0,65.66,2.43,0.0,40.0,117.0,1,winter,1,2023-01-01
2023,11,1.3826,1.567,-1.54,76.84,1.78,0.0,40.0,117.0,1,winter,0,2023-01-01
2023,12,0.0038,0.3521,-0.13,95.25,2.29,1.43,40.0,117.0,1,winter,0,2023-01-01
2023,13,0.0581,0.2849,0.48,57.85,5.62,0.03,40.0,117.0,1,winter,0,2023-01-01
2023,14,1.4926,2.0508,-5.67,29.45,6.21,0.02,40.0,117.0,1,winter,0,2023-01-01
2023,15,7.9834,3.0898,-8.27,41.61,3.47,0.0,40.0,117.0,1,winter,1,2023-01-01
2023,16,7.6289,3.031,-7.61,45.7,3.33,0.0,40.0,117.0,1,winter,1,2023-01-01
2023,17,7.5386,3.0086,-5.4,46.32,3.52,0.0,40.0,117.0,1,winter,1,2023-01-01
2023,18,6.617,2.9045,-4.79,48.07,2.78,0.0,40.0,117.0,1,winter,1,2023-01-01
2023,19,4.0313,2.0186,-4.37,39.84,5.54,0.0,40.0,117.0,1,winter,0,2023-01-01
2023,20,8.1113,3.2153,-8.22,36.93,2.97,0.0,40.0,117.0,1,winter,1,2023-01-01
2023,21,5.3798,2.844,-6.65,56.3,1.88,0.0,40.0,117.0,1,winter,1,2023-01-01
2023,22,4.807,2.8193,-3.88,63.74,3.03,0.06,40.0,117.0,1,winter,1,2023-01-01
2023,23,5.6515,2.8229,-8.85,38.48,6.13,0.7,40.0,117.0,1,winter,1,2023-01-01
2023,24,7.7393,3.1342,-12.65,30.57,3.75,0.42,40.0,117.0,1,winter,1,2023-01-01
2023,25,4.6222,2.8368,-10.5,49.45,2.71,0.0,40.0,117.0,1,winter,0,2023-01-01
2023,26,6.1042,3.1205,-8.66,46.96,4.19,0.0,40.0,117.0,1,winter,1,2023-01-01
2023,27,8.3477,3.4858,-7.56,43.66,4.37,0.0,40.0,117.0,1,winter,1,2023-01-01
2023,28,8.353,3.4862,-4.73,45.51,3.91,0.0,40.0,117.0,1,winter,1,2023-01-01
2023,29,7.9039,3.4397,-1.24,43.65,3.6,0.0,40.0,117.0,1,winter,1,2023-01-01
2023,30,5.7758,3.1363,-1.04,50.48,2.23,0.0,40.0,117.0,1,winter,1,2023-01-01
2023,31,6.8578,3.4198,0.56,46.21,3.56,0.0,40.0,117.0,1,winter,1,2023-01-01
2023,32,8.5097,3.725,-2.09,35.48,4.75,0.0,40.0,117.0,2,winter,1,2023-02-01
2023,33,1.7114,2.7206,-3.99,41.37,2.07,0.0,40.0,117.0,2,winter,0,2023-02-01
2023,34,5.9172,3.3451,-2.33,52.68,1.92,0.0,40.0,117.0,2,winter,1,2023-02-01
2023,35,7.3548,3.6358,-1.58,48.16,3.61,0.0,40.0,117.0,2,winter,1,2023-02-01
2023,36,0.9382,2.0429,-0.71,71.87,2.15,0.0,40.0,117.0,2,winter,0,2023-02-01
2023,37,6.312,3.5357,-0.12,59.12,2.85,0.0,40.0,117.0,2,winter,1,2023-02-01
2023,38,2.9906,2.8704,0.01,58.31,2.13,0.0,40.0,117.0,2,winter,0,2023-02-01
2023,39,7.1088,3.7745,-0.09,48.23,3.09,0.0,40.0,117.0,2,winter,1,2023-02-01
2023,40,1.23,2.207,-0.63,84.54,2.77,0.64,40.0,117.0,2,winter,0,2023-02-01
2023,41,6.1762,3.564,-0.64,83.81,2.16,0.02,40.0,117.0,2,winter,1,2023-02-01
2023,42,0.2318,0.9799,-0.05,89.21,1.56,0.01,40.0,117.0,2,winter,0,2023-02-01
2023,43,0.2086,0.8854,0.17,72.34,3.56,3.59,40.0,117.0,2,winter,0,2023-02-01
2023,44,7.5696,4.0188,-1.3,47.4,3.71,0.0,40.0,117.0,2,winter,1,2023-02-01
2023,45,0.5736,2.5805,-1.01,49.47,2.97,0.0,40.0,117.0,2,winter,0,2023-02-01
2023,46,5.1463,3.3823,-1.4,65.42,2.84,0.0,40.0,117.0,2,winter,1,2023-02-01
2023,47,5.0287,3.611,-1.03,72.6,1.99,0.0,40.0,117.0,2,winter,1,2023-02-01
2023,48,0.3974,2.2116,0.63,81.51,1.68,0.0,40.0,117.0,2,winter,0,2023-02-01
2023,49,0.239,0.6636,0.11,80.29,3.39,2.04,40.0,117.0,2,winter,0,2023-02-01
2023,50,7.4472,4.1866,-0.06,44.5,4.53,0.0,40.0,117.0,2,winter,1,2023-02-01
2023,51,9.3497,4.62,-1.05,38.27,4.09,0.01,40.0,117.0,2,winter,1,2023-02-01
2023,52,3.4934,3.4046,-1.53,50.57,3.37,0.0,40.0,117.0,2,winter,0,2023-02-01
2023,53,4.5036,3.731,0.22,66.5,2.09,0.0,40.0,117.0,2,winter,0,2023-02-01
2023,54,3.833,3.7289,2.35,66.01,3.06,0.0,40.0,117.0,2,winter,0,2023-02-01
2023,55,9.2268,4.8043,0.47,42.87,3.92,0.0,40.0,117.0,2,winter,1,2023-02-01
2023,56,9.4058,4.8557,0.24,41.08,3.3,0.0,40.0,117.0,2,winter,1,2023-02-01
2023,57,7.3865,4.5166,2.14,52.86,3.31,0.0,40.0,117.0,2,winter,1,2023-02-01
2023,58,2.5174,3.3715,3.27,74.64,3.72,0.0,40.0,117.0,2,winter,0,2023-02-01
2023,59,6.7574,4.5919,5.34,51.8,4.34,0.0,40.0,117.0,2,winter,1,2023-02-01
2023,60,9.4445,5.1007,2.16,34.64,5.28,0.0,40.0,117.0,2,winter,1,2023-02-01
2023,61,8.4787,4.9332,3.69,39.7,3.94,0.0,40.0,117.0,3,spring,1,2023-03-01
2023,62,7.8706,4.9238,7.32,40.17,2.7,0.0,40.0,117.0,3,spring,1,2023-03-01
2023,63,4.913,4.3363,4.37,69.66,3.54,0.0,40.0,117.0,3,spring,1,2023-03-01
2023,64,4.1995,4.0181,4.28,74.78,2.3,0.0,40.0,117.0,3,spring,0,2023-03-01
2023,65,7.5694,4.9807,9.47,49.73,2.86,0.0,40.0,117.0,3,spring,1,2023-03-01
2023,66,4.5146,4.267,6.8,77.78,3.16,0.0,40.0,117.0,3,spring,0,2023-03-01
2023,67,4.6001,4.5209,9.06,50.35,4.21,0.0,40.0,117.0,3,spring,0,2023-03-01
2023,68,4.4011,4.5072,8.07,61.8,2.53,0.0,40.0,117.0,3,spring,0,2023-03-01
2023,69,4.0858,4.428,12.41,45.53,3.96,0.0,40.0,117.0,3,spring,0,2023-03-01
2023,70,0.2575,2.5243,7.88,33.92,4.15,0.34,40.0,117.0,3,spring,0,2023-03-01
2023,71,9.996,5.7538,3.87,26.17,4.36,0.03,40.0,117.0,3,spring,1,2023-03-01
2023,72,1.8641,3.5726,4.68,45.14,3.18,0.18,40.0,117.0,3,spring,0,2023-03-01
2023,73,3.8472,4.5238,8.29,32.31,6.27,0.0,40.0,117.0,3,spring,0,2023-03-01
2023,74,10.3992,5.8937,3.64,22.11,5.79,0.0,40.0,117.0,3,spring,1,2023-03-01
2023,75,8.1029,5.5277,3.29,32.84,3.48,0.0,40.0,117.0,3,spring,1,2023-03-01
2023,76,1.5487,3.1109,3.98,68.84,2.34,0.01,40.0,117.0,3,spring,0,2023-03-01
2023,77,9.463,5.8956,6.69,41.2,3.24,0.0,40.0,117.0,3,spring,1,2023-03-01
2023,78,6.7176,5.2236,5.49,61.76,3.29,0.06,40.0,117.0,3,spring,1,2023-03-01
2023,79,1.4503,3.0974,8.84,77.43,2.49,0.05,40.0,117.0,3,spring,0,2023-03-01
2023,80,0.1157,1.6457,11.02,80.84,3.67,0.16,40.0,117.0,3,spring,0,2023-03-01
2023,81,2.8678,4.8538,9.46,33.19,5.54,0.0,40.0,117.0,3,spring,0,2023-03-01
2023,82,3.222,4.7107,6.19,25.8,4.16,0.04,40.0,117.0,3,spring,0,2023-03-01
2023,83,3.1414,4.6776,4.59,30.87,3.18,0.0,40.0,117.0,3,spring,0,2023-03-01
2023,84,8.573,6.1056,6.53,39.75,2.21,0.19,40.0,117.0,3,spring,1,2023-03-01
2023,85,9.001,6.1817,5.8,35.36,3.46,0.0,40.0,117.0,3,spring,1,2023-03-01
2023,86,9.6665,6.4258,8.77,42.27,3.62,0.0,40.0,117.0,3,spring,1,2023-03-01
2023,87,5.8618,5.5001,9.63,56.25,2.96,0.0,40.0,117.0,3,spring,1,2023-03-01
2023,88,8.6885,6.3094,14.0,46.43,3.04,0.0,40.0,117.0,3,spring,1,2023-03-01
2023,89,7.4107,5.987,15.15,35.8,3.39,0.0,40.0,117.0,3,spring,1,2023-03-01
2023,90,5.0371,5.3724,14.93,52.92,4.22,0.0,40.0,117.0,3,spring,1,2023-03-01
2023,91,2.1938,4.0999,14.77,63.79,3.82,0.0,40.0,117.0,3,spring,0,2023-03-01
2023,92,0.2506,2.9107,14.53,56.66,4.22,0.2,40.0,117.0,4,spring,0,2023-04-01
2023,93,0.1159,2.4547,11.99,52.27,4.86,0.04,40.0,117.0,4,spring,0,2023-04-01
2023,94,0.041,1.3438,8.04,50.53,8.35,9.5,40.0,117.0,4,spring,0,2023-04-01
2023,95,3.5095,4.8881,11.02,53.73,3.86,1.1,40.0,117.0,4,spring,0,2023-04-01
2023,96,3.0763,4.7494,11.49,46.97,4.48,2.18,40.0,117.0,4,spring,0,2023-04-01
2023,97,10.5497,7.0505,8.23,27.65,5.16,0.0,40.0,117.0,4,spring,1,2023-04-01
2023,98,9.8234,7.0054,11.42,30.27,4.77,0.03,40.0,117.0,4,spring,1,2023-04-01
2023,99,4.8194,5.6846,12.17,56.77,2.82,0.0,40.0,117.0,4,spring,1,2023-04-01
2023,100,0.9905,3.918,15.41,43.42,4.78,0.0,40.0,117.0,4,spring,0,2023-04-01
2023,101,9.9269,7.2883,11.38,16.65,7.95,0.0,40.0,117.0,4,spring,1,2023-04-01
2023,102,6.0302,6.1541,11.56,33.12,4.38,0.0,40.0,117.0,4,spring,1,2023-04-01
2023,103,0.533,4.0078,16.69,55.97,3.11,0.0,40.0,117.0,4,spring,0,2023-04-01
2023,104,2.4972,4.9147,15.41,29.54,5.01,0.0,40.0,117.0,4,spring,0,2023-04-01
2023,105,7.3752,6.4958,12.53,25.12,3.98,0.0,40.0,117.0,4,spring,1,2023-04-01
2023,106,9.011,7.1515,13.26,34.02,4.24,0.0,40.0,117.0,4,spring,1,2023-04-01
2023,107,1.7424,4.9706,14.94,58.39,3.01,0.0,40.0,117.0,4,spring,0,2023-04-01
2023,108,9.7754,7.333,17.7,48.04,4.27,0.0,40.0,117.0,4,spring,1,2023-04-01
2023,109,5.0131,6.09,17.23,58.48,3.7,0.0,40.0,117.0,4,spring,1,2023-04-01
2023,110,0.1385,1.4849,16.39,32.75,5.98,0.07,40.0,117.0,4,spring,0,2023-04-01
2023,111,3.108,5.6791,12.35,36.26,4.29,0.62,40.0,117.0,4,spring,0,2023-04-01
2023,112,4.2602,4.8341,10.88,59.51,2.64,0.91,40.0,117.0,4,spring,0,2023-04-01
2023,113,0.7423,4.4114,12.18,38.68,3.97,0.0,40.0,117.0,4,spring,0,2023-04-01
2023,114,5.479,6.5352,12.91,48.55,4.48,0.05,40.0,117.0,4,spring,1,2023-04-01
2023,115,4.9714,5.4545,12.72,46.74,5.66,0.75,40.0,117.0,4,spring,1,2023-04-01
2023,116,6.967,6.564,12.19,34.34,4.38,0.07,40.0,117.0,4,spring,1,2023-04-01
2023,117,0.1692,2.982,14.67,75.04,2.37,6.01,40.0,117.0,4,spring,0,2023-04-01
2023,118,0.4716,4.2986,15.79,61.54,5.2,7.6,40.0,117.0,4,spring,0,2023-04-01
2023,119,6.3444,6.4639,16.14,36.05,5.82,2.3,40.0,117.0,4,spring,1,2023-04-01
2023,120,8.7804,7.4194,16.09,33.51,4.4,0.69,40.0,117.0,4,spring,1,2023-04-01
2023,121,7.4167,6.9293,18.2,46.98,4.26,0.0,40.0,117.0,4,spring,1,2023-04-01
2023,122,4.711,6.343,21.75,49.93,4.95,0.17,40.0,117.0,5,spring,0,2023-05-01
2023,123,6.1342,6.7553,21.04,52.14,4.52,0.0,40.0,117.0,5,spring,1,2023-05-01
2023,124,0.9876,3.4824,17.48,75.7,4.55,2.8,40.0,117.0,5,spring,0,2023-05-01
2023,125,0.5686,3.041,18.63,50.49,6.54,1.77,40.0,117.0,5,spring,0,2023-05-01
2023,126,3.5777,5.8164,18.03,36.47,3.5,0.0,40.0,117.0,5,spring,0,2023-05-01
2023,127,10.6466,8.1622,18.94,28.75,4.09,0.0,40.0,117.0,5,spring,1,2023-05-01
2023,128,9.0139,7.8794,20.14,30.14,2.73,0.0,40.0,117.0,5,spring,1,2023-05-01
2023,129,4.577,6.7841,20.28,31.38,4.65,0.0,40.0,117.0,5,spring,0,2023-05-01
2023,130,5.0131,6.546,20.47,40.18,3.26,0.0,40.0,117.0,5,spring,1,2023-05-01
2023,131,1.266,4.3267,20.47,49.87,3.98,0.45,40.0,117.0,5,spring,0,2023-05-01
2023,132,2.5723,4.9483,21.02,47.2,3.68,1.41,40.0,117.0,5,spring,0,2023-05-01
2023,133,8.5284,7.6656,21.57,42.38,4.22,0.0,40.0,117.0,5,spring,1,2023-05-01
2023,134,4.8758,6.7123,22.65,53.31,4.0,0.0,40.0,117.0,5,spring,1,2023-05-01
2023,135,7.6493,7.6505,24.9,42.16,4.46,0.0,40.0,117.0,5,spring,1,2023-05-01
2023,136,2.5654,4.9651,26.09,48.24,3.91,0.32,40.0,117.0,5,spring,0,2023-05-01
2023,137,0.4541,3.7078,23.01,55.71,4.05,2.24,40.0,117.0,5,spring,0,2023-05-01
2023,138,8.6614,7.9046,21.91,42.63,3.64,0.0,40.0,117.0,5,spring,1,2023-05-01
2023,139,0.1589,1.7066,21.96,60.01,4.03,4.83,40.0,117.0,5,spring,0,2023-05-01
2023,140,2.5325,5.639,19.77,18.25,6.82,0.04,40.0,117.0,5,spring,0,2023-05-01
2023,141,4.5362,6.803,20.04,33.06,3.4,0.03,40.0,117.0,5,spring,0,2023-05-01
2023,142,6.1934,7.139,22.54,32.12,2.84,0.0,40.0,117.0,5,spring,1,2023-05-01
2023,143,8.0558,7.8353,24.41,26.45,3.29,0.0,40.0,117.0,5,spring,1,2023-05-01
2023,144,3.0931,6.1654,23.62,34.8,6.63,0.31,40.0,117.0,5,spring,0,2023-05-01
2023,145,0.5974,4.5266,21.84,46.19,4.36,2.81,40.0,117.0,5,spring,0,2023-05-01
2023,146,5.0342,7.1486,22.95,53.54,3.62,0.45,40.0,117.0,5,spring,1,2023-05-01
2023,147,0.0518,3.0,19.94,75.59,3.13,9.61,40.0,117.0,5,spring,0,2023-05-01
2023,148,3.811,6.5765,22.1,64.57,2.26,0.04,40.0,117.0,5,spring,0,2023-05-01
2023,149,4.3805,6.7536,26.66,44.67,3.19,0.0,40.0,117.0,5,spring,0,2023-05-01
2023,150,0.1781,1.7458,24.11,44.02,2.3,1.81,40.0,117.0,5,spring,0,2023-05-01
2023,151,0.1536,3.5184,21.33,57.96,3.32,0.0,40.0,117.0,5,spring,0,2023-05-01
2023,152,3.6948,6.4469,24.54,42.59,4.25,0.0,40.0,117.0,5,spring,0,2023-05-01
2023,153,6.7457,7.3277,24.77,34.23,3.42,0.03,40.0,117.0,6,summer,1,2023-06-01
2023,154,6.7946,6.7805,26.52,33.78,2.96,0.31,40.0,117.0,6,summer,1,2023-06-01
2023,155,9.1848,8.377,27.27,28.73,4.34,0.0,40.0,117.0,6,summer,1,2023-06-01
2023,156,5.94,6.997,28.8,28.66,2.9,0.33,40.0,117.0,6,summer,1,2023-06-01
2023,157,10.5866,8.5742,28.48,21.67,4.87,0.32,40.0,117.0,6,summer,1,2023-06-01
2023,158,3.9014,5.8908,29.97,25.12,3.9,0.04,40.0,117.0,6,summer,0,2023-06-01
2023,159,9.3888,8.262,27.68,18.01,4.45,0.25,40.0,117.0,6,summer,1,2023-06-01
2023,160,6.9802,7.175,27.64,19.45,4.94,0.0,40.0,117.0,6,summer,1,2023-06-01
2023,161,5.2536,6.678,25.08,29.92,3.86,0.05,40.0,117.0,6,summer,1,2023-06-01
2023,162,2.7434,5.7029,23.86,40.39,2.47,0.74,40.0,117.0,6,summer,0,2023-06-01
2023,163,2.2476,4.6776,24.12,47.52,2.11,1.83,40.0,117.0,6,summer,0,2023-06-01
2023,164,6.2628,6.8093,26.67,38.59,2.86,0.0,40.0,117.0,6,summer,1,2023-06-01
2023,165,7.7894,7.8072,28.12,42.29,3.31,0.0,40.0,117.0,6,summer,1,2023-06-01
2023,166,8.4406,7.907,29.45,43.18,4.15,0.0,40.0,117.0,6,summer,1,2023-06-01
2023,167,7.2598,7.5965,31.91,32.18,3.89,0.0,40.0,117.0,6,summer,1,2023-06-01
2023,168,4.6121,6.7246,31.63,39.01,3.72,0.0,40.0,117.0,6,summer,0,2023-06-01
2023,169,6.7598,7.3906,29.83,41.68,3.69,0.0,40.0,117.0,6,summer,1,2023-06-01
2023,170,0.0727,2.3671,26.38,52.43,3.13,1.97,40.0,117.0,6,summer,0,2023-06-01
2023,171,5.8469,7.1676,27.59,46.73,2.16,0.6,40.0,117.0,6,summer,1,2023-06-01
2023,172,10.5626,8.5656,31.13,24.06,3.06,0.0,40.0,117.0,6,summer,1,2023-06-01
2023,173,8.5495,8.1079,33.31,20.71,3.02,0.0,40.0,117.0,6,summer,1,2023-06-01
2023,174,4.7897,6.6269,33.37,26.96,4.45,0.01,40.0,117.0,6,summer,0,2023-06-01
2023,175,5.3748,6.9046,33.4,35.1,5.37,0.01,40.0,117.0,6,summer,1,2023-06-01
2023,176,3.4939,6.2532,29.97,46.06,4.95,0.0,40.0,117.0,6,summer,0,2023-06-01
2023,177,2.747,6.0902,29.44,47.73,2.76,1.4,40.0,117.0,6,summer,0,2023-06-01
2023,178,6.294,7.5566,31.67,38.4,3.34,0.0,40.0,117.0,6,summer,1,2023-06-01
2023,179,0.0938,1.4878,27.79,65.26,2.32,21.5,40.0,117.0,6,summer,0,2023-06-01
2023,180,10.7849,8.5987,29.82,43.42,2.91,0.05,40.0,117.0,6,summer,1,2023-06-01
2023,181,10.1261,8.3434,30.07,41.48,3.55,0.0,40.0,117.0,6,summer,1,2023-06-01
2023,182,5.7134,7.0277,30.55,39.58,3.57,0.0,40.0,117.0,6,summer,1,2023-06-01
2023,183,6.4519,7.3834,31.65,44.26,3.61,0.0,40.0,117.0,7,summer,1,2023-07-01
2023,184,0.439,4.0793,29.21,55.95,3.14,0.09,40.0,117.0,7,summer,0,2023-07-01
2023,185,2.5116,3.4541,26.65,65.28,2.46,14.34,40.0,117.0,7,summer,0,2023-07-01
2023,186,7.9776,8.0959,30.11,43.2,3.39,0.0,40.0,117.0,7,summer,1,2023-07-01
2023,187,6.9497,7.4875,32.07,30.39,5.28,0.01,40.0,117.0,7,summer,1,2023-07-01
2023,188,1.9394,5.011,31.51,42.93,2.48,0.31,40.0,117.0,7,summer,0,2023-07-01
2023,189,4.8946,5.821,31.48,34.98,4.02,0.08,40.0,117.0,7,summer,1,2023-07-01
2023,190,5.2694,6.57,31.94,35.49,2.91,0.06,40.0,117.0,7,summer,1,2023-07-01
2023,191,6.5854,7.0411,32.38,38.37,2.79,0.21,40.0,117.0,7,summer,1,2023-07-01
2023,192,5.4084,6.6252,28.66,59.99,3.58,13.63,40.0,117.0,7,summer,1,2023-07-01
2023,193,0.042,1.0951,24.28,84.52,2.64,36.5,40.0,117.0,7,summer,0,2023-07-01
2023,194,0.0701,1.374,24.85,86.64,2.35,10.62,40.0,117.0,7,summer,0,2023-07-01
2023,195,5.5622,6.9156,28.43,57.55,4.68,0.07,40.0,117.0,7,summer,1,2023-07-01
2023,196,3.5474,4.8732,27.9,45.48,5.05,0.05,40.0,117.0,7,summer,0,2023-07-01
2023,197,6.0266,7.0402,29.21,43.52,2.93,0.0,40.0,117.0,7,summer,1,2023-07-01
2023,198,7.8487,7.5338,29.02,55.08,3.35,0.0,40.0,117.0,7,summer,1,2023-07-01
2023,199,6.8263,7.1122,29.6,54.72,3.1,0.01,40.0,117.0,7,summer,1,2023-07-01
2023,200,7.1081,7.2566,30.29,48.68,2.65,0.0,40.0,117.0,7,summer,1,2023-07-01
2023,201,3.7601,6.2854,29.81,53.79,3.2,1.1,40.0,117.0,7,summer,0,2023-07-01
2023,202,0.2366,2.221,24.38,82.97,3.93,16.78,40.0,117.0,7,summer,0,2023-07-01
2023,203,0.3511,1.853,24.8,80.3,3.39,24.85,40.0,117.0,7,summer,0,2023-07-01
2023,204,7.0958,7.1851,27.37,68.07,1.96,3.01,40.0,117.0,7,summer,1,2023-07-01
2023,205,3.2218,5.8704,27.97,69.99,2.83,7.11,40.0,117.0,7,summer,0,2023-07-01
2023,206,6.593,7.1755,28.36,75.23,2.69,8.42,40.0,117.0,7,summer,1,2023-07-01
2023,207,3.883,5.9695,28.29,75.51,2.52,7.84,40.0,117.0,7,summer,0,2023-07-01
2023,208,2.1082,4.717,28.13,86.02,2.38,24.85,40.0,117.0,7,summer,0,2023-07-01
2023,209,0.1586,3.2642,26.59,80.88,1.31,11.6,40.0,117.0,7,summer,0,2023-07-01
2023,210,0.0998,3.431,26.38,85.63,2.29,9.19,40.0,117.0,7,summer,0,2023-07-01
2023,211,0.1313,1.6238,24.69,93.07,6.23,90.55,40.0,117.0,7,summer,0,2023-07-01
2023,212,0.295,1.0711,25.19,94.17,6.66,40.23,40.0,117.0,7,summer,0,2023-07-01
2023,213,0.0475,1.423,26.54,92.66,3.19,53.7,40.0,117.0,7,summer,0,2023-07-01
2023,214,0.6168,2.2877,27.4,91.98,4.15,4.31,40.0,117.0,8,summer,0,2023-08-01
2023,215,0.9905,3.5734,29.13,89.31,3.33,1.02,40.0,117.0,8,summer,0,2023-08-01
2023,216,0.8503,4.1261,30.14,77.24,1.58,3.32,40.0,117.0,8,summer,0,2023-08-01
2023,217,4.889,6.0574,27.42,77.76,3.0,0.4,40.0,117.0,8,summer,1,2023-08-01
2023,218,2.0222,3.4982,25.47,78.27,1.8,1.63,40.0,117.0,8,summer,0,2023-08-01
2023,219,0.469,2.1869,25.13,83.38,2.08,1.37,40.0,117.0,8,summer,0,2023-08-01
2023,220,2.4024,5.189,26.2,85.28,2.08,1.71,40.0,117.0,8,summer,0,2023-08-01
2023,221,1.6054,4.3582,26.66,85.21,2.15,2.65,40.0,117.0,8,summer,0,2023-08-01
2023,222,1.1136,3.4454,26.55,83.34,2.05,0.57,40.0,117.0,8,summer,0,2023-08-01
2023,223,0.0775,1.2132,26.47,82.9,2.11,16.03,40.0,117.0,8,summer,0,2023-08-01
2023,224,2.6376,4.511,26.06,87.28,2.36,16.1,40.0,117.0,8,summer,0,2023-08-01
2023,225,8.8361,7.1201,27.2,73.7,1.58,1.03,40.0,117.0,8,summer,1,2023-08-01
2023,226,8.2781,6.9216,28.44,69.11,2.17,0.0,40.0,117.0,8,summer,1,2023-08-01
2023,227,6.9185,6.7068,27.67,74.51,2.2,0.01,40.0,117.0,8,summer,1,2023-08-01
2023,228,4.6728,5.7578,28.29,80.26,1.68,4.25,40.0,117.0,8,summer,0,2023-08-01
2023,229,3.4778,5.4466,28.01,81.88,1.71,7.15,40.0,117.0,8,summer,0,2023-08-01
2023,230,7.1714,6.7646,28.13,68.03,1.8,0.13,40.0,117.0,8,summer,1,2023-08-01
2023,231,6.9955,6.5201,27.17,74.97,2.04,0.0,40.0,117.0,8,summer,1,2023-08-01
2023,232,2.7586,4.7892,27.26,84.82,2.93,7.22,40.0,117.0,8,summer,0,2023-08-01
2023,233,4.5595,5.171,25.83,87.21,2.41,24.83,40.0,117.0,8,summer,0,2023-08-01
2023,234,10.0901,7.1654,23.49,68.7,2.94,0.01,40.0,117.0,8,summer,1,2023-08-01
2023,235,7.2516,6.5731,25.11,69.95,1.61,0.16,40.0,117.0,8,summer,1,2023-08-01
2023,236,0.121,1.5365,21.56,88.36,1.44,9.45,40.0,117.0,8,summer,0,2023-08-01
2023,237,5.293,6.2474,22.41,75.64,1.92,1.71,40.0,117.0,8,summer,1,2023-08-01
2023,238,3.5328,5.185,23.43,74.1,1.66,0.93,40.0,117.0,8,summer,0,2023-08-01
2023,239,0.257,3.6497,22.53,74.74,1.77,0.39,40.0,117.0,8,summer,0,2023-08-01
2023,240,5.4749,5.7758,22.51,69.52,3.26,0.0,40.0,117.0,8,summer,1,2023-08-01
2023,241,7.1191,6.1687,21.91,65.88,3.03,0.0,40.0,117.0,8,summer,1,2023-08-01
2023,242,6.2134,5.881,22.8,71.61,2.46,0.1,40.0,117.0,8,summer,1,2023-08-01
2023,243,2.6506,4.3649,23.2,74.73,1.35,3.55,40.0,117.0,8,summer,0,2023-08-01
2023,244,7.751,6.432,23.45,67.08,2.04,0.25,40.0,117.0,8,summer,1,2023-08-01
2023,245,2.6112,4.4834,23.73,70.35,1.81,3.93,40.0,117.0,9,autumn,0,2023-09-01
2023,246,2.6993,4.6253,24.03,84.68,1.6,15.71,40.0,117.0,9,autumn,0,2023-09-01
2023,247,4.577,5.347,25.56,80.16,1.83,0.08,40.0,117.0,9,autumn,0,2023-09-01
2023,248,1.7381,4.0428,25.56,82.42,2.06,0.0,40.0,117.0,9,autumn,0,2023-09-01
2023,249,3.2921,4.6476,25.73,82.57,1.97,0.0,40.0,117.0,9,autumn,0,2023-09-01
2023,250,1.7638,3.7711,25.35,82.22,2.56,0.04,40.0,117.0,9,autumn,0,2023-09-01
2023,251,0.1812,1.4688,24.88,81.89,1.87,6.46,40.0,117.0,9,autumn,0,2023-09-01
2023,252,0.0187,0.9869,21.88,93.95,2.5,50.84,40.0,117.0,9,autumn,0,2023-09-01
2023,253,1.3284,2.988,21.85,88.26,2.06,1.22,40.0,117.0,9,autumn,0,2023-09-01
2023,254,3.348,4.4784,21.83,78.87,2.39,0.01,40.0,117.0,9,autumn,0,2023-09-01
2023,255,8.9885,6.1625,20.7,64.75,2.81,0.0,40.0,117.0,9,autumn,1,2023-09-01
2023,256,7.4551,5.7509,20.49,69.69,2.61,0.0,40.0,117.0,9,autumn,1,2023-09-01
2023,257,7.4815,5.7756,20.55,76.78,2.72,0.0,40.0,117.0,9,autumn,1,2023-09-01
2023,258,7.674,5.789,21.6,70.06,2.2,0.0,40.0,117.0,9,autumn,1,2023-09-01
2023,259,2.8409,4.2173,22.66,79.86,2.37,0.01,40.0,117.0,9,autumn,0,2023-09-01
2023,260,0.3665,2.6616,22.68,84.72,2.59,1.73,40.0,117.0,9,autumn,0,2023-09-01
2023,261,3.523,4.357,22.34,77.58,1.87,1.61,40.0,117.0,9,autumn,0,2023-09-01
2023,262,2.2836,4.021,18.87,66.02,3.05,0.07,40.0,117.0,9,autumn,0,2023-09-01
2023,263,6.1663,5.353,19.26,67.16,2.49,0.52,40.0,117.0,9,autumn,1,2023-09-01
2023,264,8.0412,5.6016,19.57,71.58,2.43,0.03,40.0,117.0,9,autumn,1,2023-09-01
2023,265,6.9583,5.3323,19.78,71.3,3.69,1.02,40.0,117.0,9,autumn,1,2023-09-01
2023,266,5.3234,5.0597,18.17,67.35,2.49,0.59,40.0,117.0,9,autumn,1,2023-09-01
2023,267,0.1039,1.5883,16.0,66.82,1.65,0.66,40.0,117.0,9,autumn,0,2023-09-01
2023,268,0.8232,3.1315,16.67,71.07,1.46,0.0,40.0,117.0,9,autumn,0,2023-09-01
2023,269,2.3674,3.7406,18.36,80.18,2.07,0.0,40.0,117.0,9,autumn,0,2023-09-01
2023,270,1.3723,3.3967,18.15,67.18,2.65,0.0,40.0,117.0,9,autumn,0,2023-09-01
2023,271,8.4523,5.4526,16.85,53.89,3.13,0.0,40.0,117.0,9,autumn,1,2023-09-01
2023,272,4.9913,4.5876,17.44,63.35,2.79,0.0,40.0,117.0,9,autumn,1,2023-09-01
2023,273,7.3685,5.0666,16.87,56.45,3.13,0.0,40.0,117.0,9,autumn,1,2023-09-01
2023,274,8.4389,5.3174,16.25,58.47,3.25,0.0,40.0,117.0,9,autumn,1,2023-09-01
2023,275,2.5726,3.6907,15.52,74.53,2.25,0.0,40.0,117.0,10,autumn,0,2023-10-01
2023,276,6.3082,4.7496,17.39,68.79,2.86,0.21,40.0,117.0,10,autumn,1,2023-10-01
2023,277,7.247,4.9495,16.29,56.28,4.16,0.73,40.0,117.0,10,autumn,1,2023-10-01
2023,278,6.3545,4.6478,12.6,53.41,2.98,0.0,40.0,117.0,10,autumn,1,2023-10-01
2023,279,3.8897,4.1342,14.87,56.11,1.89,0.0,40.0,117.0,10,autumn,0,2023-10-01
2023,280,3.4025,3.7046,15.42,66.34,3.02,0.02,40.0,117.0,10,autumn,0,2023-10-01
2023,281,1.8612,2.8522,15.37,73.44,2.52,3.46,40.0,117.0,10,autumn,0,2023-10-01
2023,282,4.1616,3.7409,15.49,62.36,3.41,0.0,40.0,117.0,10,autumn,0,2023-10-01
2023,283,4.4021,4.0104,15.97,60.78,1.99,0.0,40.0,117.0,10,autumn,0,2023-10-01
2023,284,5.2284,4.1712,15.67,66.39,2.39,0.0,40.0,117.0,10,autumn,1,2023-10-01
2023,285,0.1764,1.2931,14.8,81.92,1.81,0.5,40.0,117.0,10,autumn,0,2023-10-01
2023,286,2.5298,3.0758,14.96,72.04,2.38,0.32,40.0,117.0,10,autumn,0,2023-10-01
2023,287,8.4029,4.7078,14.01,55.49,3.5,0.0,40.0,117.0,10,autumn,1,2023-10-01
2023,288,9.0878,4.7462,14.64,49.61,2.95,0.0,40.0,117.0,10,autumn,1,2023-10-01
2023,289,8.771,4.6337,12.6,51.34,2.64,0.0,40.0,117.0,10,autumn,1,2023-10-01
2023,290,3.9478,3.4997,14.63,73.17,1.79,0.24,40.0,117.0,10,autumn,0,2023-10-01
2023,291,4.0442,3.8705,16.16,56.31,3.87,1.71,40.0,117.0,10,autumn,0,2023-10-01
2023,292,6.15,4.0865,12.46,43.39,5.28,0.48,40.0,117.0,10,autumn,1,2023-10-01
2023,293,9.0439,4.5382,9.54,48.24,3.71,0.0,40.0,117.0,10,autumn,1,2023-10-01
2023,294,8.5586,4.4102,11.04,48.79,3.57,0.0,40.0,117.0,10,autumn,1,2023-10-01
2023,295,7.8996,4.2821,12.55,53.52,2.21,0.0,40.0,117.0,10,autumn,1,2023-10-01
2023,296,4.5221,3.4946,12.74,70.19,2.22,0.0,40.0,117.0,10,autumn,0,2023-10-01
2023,297,6.3746,3.9516,13.67,63.45,2.3,0.0,40.0,117.0,10,autumn,1,2023-10-01
2023,298,6.5112,3.936,15.92,51.47,3.15,0.0,40.0,117.0,10,autumn,1,2023-10-01
2023,299,7.8046,4.074,12.29,52.53,2.87,0.0,40.0,117.0,10,autumn,1,2023-10-01
2023,300,6.876,3.931,12.25,60.05,1.89,0.0,40.0,117.0,10,autumn,1,2023-10-01
2023,301,5.2774,3.5179,13.05,72.65,2.5,0.0,40.0,117.0,10,autumn,1,2023-10-01
2023,302,1.5876,2.4209,14.56,74.36,2.1,0.0,40.0,117.0,10,autumn,0,2023-10-01
2023,303,3.0163,2.9359,14.11,63.1,3.81,0.0,40.0,117.0,10,autumn,0,2023-10-01
2023,304,3.636,3.2494,13.91,65.97,2.01,0.0,40.0,117.0,10,autumn,0,2023-10-01
2023,305,4.055,3.167,14.36,77.02,2.92,0.0,40.0,117.0,10,autumn,0,2023-10-01
2023,306,2.2553,2.681,15.36,59.63,3.42,0.0,40.0,117.0,11,autumn,0,2023-11-01
2023,307,3.8321,3.1831,9.31,56.8,3.34,0.0,40.0,117.0,11,autumn,0,2023-11-01
2023,308,1.6058,2.3906,9.84,70.29,2.28,0.01,40.0,117.0,11,autumn,0,2023-11-01
2023,309,0.0,0.7008,9.33,84.95,3.96,11.36,40.0,117.0,11,autumn,0,2023-11-01
2023,310,3.0773,2.8375,3.29,49.09,5.19,0.13,40.0,117.0,11,autumn,0,2023-11-01
2023,311,5.2298,3.2126,4.01,59.34,2.24,0.11,40.0,117.0,11,autumn,1,2023-11-01
2023,312,3.3259,2.7269,7.09,54.54,2.89,0.0,40.0,117.0,11,autumn,0,2023-11-01
2023,313,8.3393,3.6286,2.01,39.18,5.73,0.0,40.0,117.0,11,autumn,1,2023-11-01
2023,314,3.5554,2.9357,-0.47,42.58,2.26,0.0,40.0,117.0,11,autumn,0,2023-11-01
2023,315,7.0798,3.3252,-0.14,48.22,2.71,0.0,40.0,117.0,11,autumn,1,2023-11-01
2023,316,7.789,3.4526,-1.13,50.25,3.77,0.0,40.0,117.0,11,autumn,1,2023-11-01
2023,317,5.6431,3.1404,0.15,57.88,2.75,0.0,40.0,117.0,11,autumn,1,2023-11-01
2023,318,7.0224,3.2904,2.57,56.47,2.07,0.0,40.0,117.0,11,autumn,1,2023-11-01
2023,319,0.8021,1.5926,2.45,64.85,1.61,0.0,40.0,117.0,11,autumn,0,2023-11-01
2023,320,5.4408,2.9575,2.59,48.64,4.79,0.0,40.0,117.0,11,autumn,1,2023-11-01
2023,321,7.3966,3.2297,-0.02,44.17,4.57,0.0,40.0,117.0,11,autumn,1,2023-11-01
2023,322,6.3737,3.0782,1.6,47.59,2.36,0.0,40.0,117.0,11,autumn,1,2023-11-01
2023,323,6.8724,3.0583,6.03,52.74,3.57,0.0,40.0,117.0,11,autumn,1,2023-11-01
2023,324,4.3577,2.6827,4.16,81.96,2.6,0.0,40.0,117.0,11,autumn,0,2023-11-01
2023,325,2.3683,2.1667,5.24,85.56,2.01,0.0,40.0,117.0,11,autumn,0,2023-11-01
2023,326,4.5763,2.6506,7.09,59.38,3.53,0.0,40.0,117.0,11,autumn,0,2023-11-01
2023,327,7.8595,3.1274,-0.62,37.52,6.9,0.0,40.0,117.0,11,autumn,1,2023-11-01
2023,328,8.0988,3.186,-4.29,41.04,2.79,0.0,40.0,117.0,11,autumn,1,2023-11-01
2023,329,1.8295,1.2185,-2.21,55.3,2.44,0.0,40.0,117.0,11,autumn,0,2023-11-01
2023,330,0.8616,1.4359,-1.37,58.54,1.81,0.0,40.0,117.0,11,autumn,0,2023-11-01
2023,331,4.1028,2.2366,0.42,55.2,3.21,0.21,40.0,117.0,11,autumn,0,2023-11-01
2023,332,3.0883,1.9438,-2.1,47.8,2.11,0.01,40.0,117.0,11,autumn,0,2023-11-01
2023,333,7.9968,3.018,-4.81,43.55,4.36,0.0,40.0,117.0,11,autumn,1,2023-11-01
2023,334,7.8134,2.9578,-5.24,50.21,3.23,0.0,40.0,117.0,11,autumn,1,2023-11-01
2023,335,7.991,2.9693,-4.83,54.87,2.86,0.0,40.0,117.0,11,autumn,1,2023-11-01
2023,336,7.3589,2.8066,-0.69,52.71,2.47,0.0,40.0,117.0,12,winter,1,2023-12-01
2023,337,6.3866,2.7113,-0.27,54.66,2.66,0.0,40.0,117.0,12,winter,1,2023-12-01
2023,338,2.1425,1.8185,1.67,55.62,1.67,0.0,40.0,117.0,12,winter,0,2023-12-01
2023,339,4.289,2.2886,0.85,71.25,2.1,0.0,40.0,117.0,12,winter,0,2023-12-01
2023,340,5.1122,2.3918,1.14,50.02,3.4,0.0,40.0,117.0,12,winter,1,2023-12-01
2023,341,4.0099,2.2466,2.44,61.08,1.95,0.0,40.0,117.0,12,winter,0,2023-12-01
2023,342,3.9557,2.275,3.89,66.44,2.24,0.0,40.0,117.0,12,winter,0,2023-12-01
2023,343,5.3434,2.4588,1.14,62.12,2.58,0.77,40.0,117.0,12,winter,1,2023-12-01
2023,344,0.065,1.0452,-1.85,46.75,2.76,0.74,40.0,117.0,12,winter,0,2023-12-01
2023,345,2.7451,1.9181,-2.98,65.31,2.12,2.53,40.0,117.0,12,winter,0,2023-12-01
2023,346,1.367,1.2302,-6.61,60.77,2.02,0.0,40.0,117.0,12,winter,0,2023-12-01
2023,347,0.1481,0.9101,-4.29,64.79,3.87,2.41,40.0,117.0,12,winter,0,2023-12-01
2023,348,0.0746,0.8626,-5.02,66.12,4.16,6.53,40.0,117.0,12,winter,0,2023-12-01
2023,349,0.4817,1.1453,-8.58,58.04,5.34,0.02,40.0,117.0,12,winter,0,2023-12-01
2023,350,6.1807,2.3966,-13.31,47.29,5.94,0.0,40.0,117.0,12,winter,1,2023-12-01
2023,351,6.066,2.4571,-12.15,57.79,2.75,0.0,40.0,117.0,12,winter,1,2023-12-01
2023,352,3.3214,2.0383,-10.88,73.67,1.68,0.0,40.0,117.0,12,winter,0,2023-12-01
2023,353,5.8574,2.2531,-12.35,58.27,5.35,0.0,40.0,117.0,12,winter,1,2023-12-01
2023,354,6.0094,2.3177,-15.3,49.65,4.66,0.0,40.0,117.0,12,winter,1,2023-12-01
2023,355,6.1234,2.3299,-15.33,53.82,4.61,0.0,40.0,117.0,12,winter,1,2023-12-01
2023,356,5.9134,2.3815,-11.51,60.56,2.75,0.0,40.0,117.0,12,winter,1,2023-12-01
2023,357,5.9122,2.4869,-9.27,55.69,3.54,0.0,40.0,117.0,12,winter,1,2023-12-01
2023,358,4.9853,1.9764,-9.19,61.69,3.03,0.0,40.0,117.0,12,winter,1,2023-12-01
2023,359,6.0418,2.3155,-8.09,72.78,3.04,0.0,40.0,117.0,12,winter,1,2023-12-01
2023,360,3.6895,2.1535,-4.09,69.7,3.02,0.0,40.0,117.0,12,winter,0,2023-12-01
2023,361,4.1184,2.1482,-4.31,69.29,2.2,0.0,40.0,117.0,12,winter,0,2023-12-01
2023,362,4.8888,2.3628,-2.97,66.77,2.12,0.0,40.0,117.0,12,winter,1,2023-12-01
2023,363,1.7698,1.8108,-3.31,80.61,1.82,0.0,40.0,117.0,12,winter,0,2023-12-01
2023,364,0.5522,1.3476,-1.44,78.73,2.03,0.03,40.0,117.0,12,winter,0,2023-12-01
2023,365,5.7727,2.4384,-3.44,63.55,3.17,0.0,40.0,117.0,12,winter,1,2023-12-01
2024,1,1.2161,1.6226,-5.19,84.34,2.32,0.0,40.0,117.0,1,winter,0,2024-01-01
